Orthogroup	Scenedesmus_PABB004	Chlorella_KRBP
OG0000005	KAF8062745.1 histone H2A variant 2 [Scenedesmus sp. PABB004], KAF8069675.1 Histone H2A-IV [Scenedesmus sp. PABB004], KAF8069689.1 Histone H2A-IV [Scenedesmus sp. PABB004], KAF8069662.1 Histone H2A-IV [Scenedesmus sp. PABB004]	QAXK01016321.1_1655-2667
OG0000013	KAF8071107.1 ABCI12 [Scenedesmus sp. PABB004], KAF8060557.1 SRK2G [Scenedesmus sp. PABB004], KAF8069392.1 SRK2A [Scenedesmus sp. PABB004]	QAXK01004822.1_8132-10307
OG0000049	KAF8059417.1 MTK1 [Scenedesmus sp. PABB004], KAF8054828.1 hypothetical protein HT031_006922 [Scenedesmus sp. PABB004], KAF8054826.1 hypothetical protein HT031_006920 [Scenedesmus sp. PABB004], KAF8054637.1 hypothetical protein HT031_006962 [Scenedesmus sp. PABB004], KAF8060108.1 AGO3 [Scenedesmus sp. PABB004], KAF8054806.1 MTK1 [Scenedesmus sp. PABB004], KAF8054761.1 hypothetical protein HT031_006935 [Scenedesmus sp. PABB004], KAF8063770.1 PSAT1 [Scenedesmus sp. PABB004], KAF8055670.1 hypothetical protein HT031_006692 [Scenedesmus sp. PABB004], KAF8058310.1 drkD [Scenedesmus sp. PABB004], KAF8058311.1 hypothetical protein HT031_005627 [Scenedesmus sp. PABB004], KAF8063020.1 hypothetical protein HT031_003859 [Scenedesmus sp. PABB004], KAF8063012.1 ALKBH8 [Scenedesmus sp. PABB004], KAF8058952.1 MTK1 [Scenedesmus sp. PABB004], KAF8055466.1 methylthioribose-1-phosphate isomerase [Scenedesmus sp. PABB004]	QAXK01004561.1_5673-2644
OG0000059	KAF8062708.1 hypothetical protein HT031_004037 [Scenedesmus sp. PABB004]	QAXK01009817.1_2794-231
OG0000060	KAF8060352.1 dhkB [Scenedesmus sp. PABB004], KAF8063740.1 e2f7 [Scenedesmus sp. PABB004], KAF8062684.1 zinc finger protein BRUTUS-like [Scenedesmus sp. PABB004]	QAXK01006650.1_4897-1380
OG0000095	KAF8061343.1 utp25 [Scenedesmus sp. PABB004], KAF8062760.1 CRTISO2 [Scenedesmus sp. PABB004]	QAXK01000980.1_6477-3589
OG0000100	KAF8067279.1 RAD54B [Scenedesmus sp. PABB004], KAF8055929.1 RuBisCO large subunit-binding protein subunit alpha [Scenedesmus sp. PABB004], KAF8065914.1 RuBisCO large subunit-binding protein subunit beta [Scenedesmus sp. PABB004]	QAXK01004495.1_1525-5952
OG0000102	KAF8065477.1 hypothetical protein HT031_003078 [Scenedesmus sp. PABB004], KAF8066383.1 Glutamate synthase [NADH] [Scenedesmus sp. PABB004], KAF8055943.1 hypothetical protein HT031_006582 [Scenedesmus sp. PABB004]	QAXK01002229.1_29280-27595
OG0000106	KAF8061163.1 hypothetical protein HT031_004625 [Scenedesmus sp. PABB004], KAF8067300.1 hypothetical protein HT031_002348 [Scenedesmus sp. PABB004], KAF8067278.1 hypothetical protein HT031_002325 [Scenedesmus sp. PABB004]	QAXK01000521.1_8215-4849
OG0000126	KAF8062936.1 RASA4 [Scenedesmus sp. PABB004], KAF8059985.1 SQD2 [Scenedesmus sp. PABB004]	QAXK01000372.1_2577-4525
OG0000128	KAF8069375.1 YchF1 [Scenedesmus sp. PABB004]	QAXK01009125.1_10140-8059
OG0000137	KAF8072839.1 E3 ubiquitin-protein ligase [Scenedesmus sp. PABB004], KAF8073081.1 hypothetical protein HT031_000742 [Scenedesmus sp. PABB004]	QAXK01002137.1_9267-10854
OG0000152	KAF8067119.1 SIS8 [Scenedesmus sp. PABB004], KAF8072740.1 hypothetical protein HT031_000400 [Scenedesmus sp. PABB004]	QAXK01008299.1_4185-5535
OG0000163	KAF8056009.1 ADP-ribosylation factor [Scenedesmus sp. PABB004], KAF8069368.1 ARF1 [Scenedesmus sp. PABB004]	QAXK01013733.1_9353-8061
OG0000165	KAF8071130.1 CHY1 [Scenedesmus sp. PABB004], KAF8058896.1 E3 ubiquitin-protein ligase listerin [Scenedesmus sp. PABB004]	QAXK01004609.1_12369-13533
OG0000175	KAF8069362.1 RPL9 [Scenedesmus sp. PABB004], KAF8070975.1 MSL9 [Scenedesmus sp. PABB004]	QAXK01006319.1_3560-2355
OG0000177	KAF8068300.1 hypothetical protein HT031_001987 [Scenedesmus sp. PABB004], KAF8057885.1 GLG1 [Scenedesmus sp. PABB004], KAF8068299.1 GLG1 [Scenedesmus sp. PABB004]	QAXK01000575.1_15675-16655
OG0000187	KAF8072687.1 LIG6 [Scenedesmus sp. PABB004], KAF8067164.1 lig1 [Scenedesmus sp. PABB004]	QAXK01014854.1_51-3845
OG0000189	KAF8058418.1 VATP-P1 [Scenedesmus sp. PABB004], KAF8071354.1 GRP-2 [Scenedesmus sp. PABB004]	QAXK01000217.1_14674-15859
OG0000192	KAF8055734.1 CDC2 [Scenedesmus sp. PABB004], KAF8071221.1 CDKB1-1 [Scenedesmus sp. PABB004]	QAXK01001504.1_2221-4972
OG0000199	KAF8065440.1 F-box protein [Scenedesmus sp. PABB004]	QAXK01010173.1_3319-5256
OG0000201	KAF8063039.1 BRR2A [Scenedesmus sp. PABB004], KAF8065637.1 BRR2C [Scenedesmus sp. PABB004]	QAXK01000736.1_9467-8726
OG0000207	KAF8067161.1 EXOSC1 [Scenedesmus sp. PABB004]	QAXK01004998.1_5108-4093
OG0000215	KAF8060026.1 hypothetical protein HT031_004964 [Scenedesmus sp. PABB004]	QAXK01013809.1_3869-6090
OG0000217	KAF8073260.1 hypothetical protein HT031_000921 [Scenedesmus sp. PABB004], KAF8070872.1 hypothetical protein HT031_000953 [Scenedesmus sp. PABB004]	QAXK01003927.1_26651-24094
OG0000222	KAF8072883.1 TSTA3 [Scenedesmus sp. PABB004], KAF8066306.1 hypothetical protein HT031_002629 [Scenedesmus sp. PABB004], KAF8072787.1 PMI2 [Scenedesmus sp. PABB004]	QAXK01005046.1_1470-3041
OG0000225	KAF8072402.1 Gfpt2 [Scenedesmus sp. PABB004]	QAXK01000132.1_14211-8944
OG0000226	KAF8065936.1 CPL3 [Scenedesmus sp. PABB004]	QAXK01001147.1_264-2985
OG0000234	KAF8061125.1 eukaryotic initiation factor 4A-3 [Scenedesmus sp. PABB004]	QAXK01001703.1_3693-800
OG0000234	KAF8064681.1 EIF4A3A [Scenedesmus sp. PABB004]	QAXK01001715.1_46567-44103
OG0000243	KAF8065944.1 mtr [Scenedesmus sp. PABB004]	QAXK01017572.1_4284-1659
OG0000255	KAF8071075.1 IMMP2L [Scenedesmus sp. PABB004], KAF8058344.1 imp1 [Scenedesmus sp. PABB004]	QAXK01003493.1_20875-19869
OG0000256	KAF8060490.1 SAC9 [Scenedesmus sp. PABB004]	QAXK01000928.1_4721-1230
OG0000260	KAF8058457.1 hypothetical protein HT031_005581 [Scenedesmus sp. PABB004]	QAXK01007811.1_6343-7669
OG0000262	KAF8056222.1 Formate--tetrahydrofolate ligase [Scenedesmus sp. PABB004], KAF8060573.1 COG4 [Scenedesmus sp. PABB004]	QAXK01001305.1_3092-9737
OG0000268	KAF8055592.1 SEC13B [Scenedesmus sp. PABB004]	QAXK01007959.1_4344-7510
OG0000269	KAF8057668.1 hypothetical protein HT031_006017 [Scenedesmus sp. PABB004]	QAXK01000159.1_2526-4128
OG0000276	KAF8058835.1 TNNI3K [Scenedesmus sp. PABB004], KAF8058327.1 lpxC [Scenedesmus sp. PABB004], KAF8072929.1 Tnni3k [Scenedesmus sp. PABB004]	QAXK01013106.1_2869-3857
OG0000290	KAF8056455.1 aminopeptidase M1-D [Scenedesmus sp. PABB004], KAF8072908.1 WDR55 [Scenedesmus sp. PABB004]	QAXK01007708.1_8045-6769
OG0000293	KAF8057632.1 CPK24 [Scenedesmus sp. PABB004]	QAXK01000427.1_18710-23853
OG0000297	KAF8067233.1 PHT4 [Scenedesmus sp. PABB004], KAF8061417.1 PHT4 [Scenedesmus sp. PABB004]	QAXK01003382.1_7730-10683
OG0000298	KAF8068170.1 RH36 [Scenedesmus sp. PABB004]	QAXK01006215.1_8306-11634
OG0000299	KAF8060097.1 CSN5 [Scenedesmus sp. PABB004], KAF8055386.1 WNK3 [Scenedesmus sp. PABB004], KAF8058838.1 CSN5 [Scenedesmus sp. PABB004]	QAXK01000488.1_8485-5165
OG0000300	KAF8063852.1 ppa1 [Scenedesmus sp. PABB004]	QAXK01000495.1_4618-6885
OG0000301	KAF8067346.1 pam-b [Scenedesmus sp. PABB004], KAF8055675.1 pam-a [Scenedesmus sp. PABB004]	QAXK01005324.1_4296-8149
OG0000302	KAF8057147.1 CIP111 [Scenedesmus sp. PABB004], KAF8061103.1 hypothetical protein HT031_004564 [Scenedesmus sp. PABB004]	QAXK01009146.1_0-3841
OG0000304	KAF8057938.1 DRP3A [Scenedesmus sp. PABB004]	QAXK01014492.1_877-182
OG0000315	KAF8067212.1 R1 [Scenedesmus sp. PABB004]	QAXK01002353.1_19232-23410
OG0000316	KAF8071331.1 PGD2 [Scenedesmus sp. PABB004], KAF8065940.1 XRN1 [Scenedesmus sp. PABB004]	QAXK01003905.1_19782-15375
OG0000317	KAF8063788.1 26S proteasome regulatory subunit 6B [Scenedesmus sp. PABB004], KAF8062645.1 RPT2A [Scenedesmus sp. PABB004]	QAXK01008437.1_3645-238
OG0000320	KAF8068412.1 anon-84Ea [Scenedesmus sp. PABB004]	QAXK01008510.1_15994-20405
OG0000321	KAF8059134.1 AAP19-1 [Scenedesmus sp. PABB004]	QAXK01000378.1_25585-26545
OG0000340	KAF8059752.1 CLPB1 [Scenedesmus sp. PABB004]	QAXK01005276.1_5688-3058
OG0000352	KAF8068195.1 thioredoxin domain-containing protein 9 [Scenedesmus sp. PABB004]	QAXK01000899.1_7462-5804
OG0000353	KAF8057247.1 hypothetical protein HT031_006055 [Scenedesmus sp. PABB004], KAF8058859.1 SNRNP40 [Scenedesmus sp. PABB004]	QAXK01000970.1_11060-12297
OG0000355	KAF8065560.1 STN8 [Scenedesmus sp. PABB004], KAF8068435.1 PUB1 [Scenedesmus sp. PABB004]	QAXK01000575.1_38061-33279
OG0000356	KAF8073076.1 Ddx47 [Scenedesmus sp. PABB004]	QAXK01001458.1_25468-28021
OG0000362	KAF8061170.1 STK38L [Scenedesmus sp. PABB004]	QAXK01002504.1_1584-235
OG0000372	KAF8057628.1 pescadillo-like protein [Scenedesmus sp. PABB004], KAF8058047.1 GME-2 [Scenedesmus sp. PABB004]	QAXK01000007.1_3483-1851
OG0000374	KAF8071074.1 SK1 [Scenedesmus sp. PABB004], KAF8071212.1 NADH dehydrogenase [ubiquinone] iron-sulfur protein 1 [Scenedesmus sp. PABB004]	QAXK01001576.1_25385-29462
OG0000375	KAF8066228.1 NOC1 [Scenedesmus sp. PABB004], KAF8061932.1 davT [Scenedesmus sp. PABB004]	QAXK01008707.1_239-2925
OG0000383	KAF8065953.1 PUMP1 [Scenedesmus sp. PABB004]	QAXK01011194.1_5918-9002
OG0000390	KAF8072870.1 HSD17B12 [Scenedesmus sp. PABB004]	QAXK01005078.1_1174-132
OG0000390	KAF8067246.1 hemW [Scenedesmus sp. PABB004]	QAXK01003294.1_6337-3495
OG0000394	KAF8062083.1 APY2 [Scenedesmus sp. PABB004]	QAXK01008702.1_3083-212
OG0000408	KAF8073007.1 Arginine--tRNA ligase [Scenedesmus sp. PABB004]	QAXK01003094.1_1529-6518
OG0000412	KAF8069671.1 ABCI19 [Scenedesmus sp. PABB004], KAF8072767.1 ABCI20 [Scenedesmus sp. PABB004]	QAXK01007672.1_3589-1228
OG0000417	KAF8068408.1 SPAC6G10.10c [Scenedesmus sp. PABB004]	QAXK01003046.1_10052-9637
OG0000418	KAF8060086.1 FTSH11 [Scenedesmus sp. PABB004], KAF8056381.1 FTSH5 [Scenedesmus sp. PABB004]	QAXK01005097.1_6985-2749
OG0000431	KAF8058066.1 DUR1 [Scenedesmus sp. PABB004]	QAXK01001330.1_10692-5073
OG0000443	KAF8062653.1 CM1 [Scenedesmus sp. PABB004], KAF8062651.1 CM1 [Scenedesmus sp. PABB004]	QAXK01002390.1_2379-454
OG0000446	KAF8058843.1 ATCSA-1 [Scenedesmus sp. PABB004]	QAXK01006391.1_1754-3793
OG0000449	KAF8055396.1 APC2 [Scenedesmus sp. PABB004], KAF8064639.1 ERCC1 [Scenedesmus sp. PABB004]	QAXK01017753.1_1728-436
OG0000452	KAF8059727.1 RID2 [Scenedesmus sp. PABB004], KAF8058880.1 VPS32.1 [Scenedesmus sp. PABB004], KAF8066176.1 18S rRNA _guanine-N_7__-methyltransferase [Scenedesmus sp. PABB004]	QAXK01003135.1_2479-16
OG0000455	KAF8069398.1 hypothetical protein HT031_001513 [Scenedesmus sp. PABB004], KAF8072541.1 ARMC6 [Scenedesmus sp. PABB004]	QAXK01015054.1_2845-4309
OG0000468	KAF8059453.1 RAB1BV [Scenedesmus sp. PABB004]	QAXK01006097.1_2371-905
OG0000470	KAF8060524.1 leucine--tRNA ligase [Scenedesmus sp. PABB004]	QAXK01000050.1_24428-29981
OG0000471	KAF8072620.1 ASF1B [Scenedesmus sp. PABB004]	QAXK01001670.1_7180-6388
OG0000474	KAF8068169.1 Ethe1 [Scenedesmus sp. PABB004]	QAXK01000042.1_28045-28765
OG0000479	KAF8072726.1 ER membrane protein complex subunit 7 [Scenedesmus sp. PABB004], KAF8068237.1 dscc1 [Scenedesmus sp. PABB004]	QAXK01004028.1_58546-56431
OG0000499	KAF8073089.1 Twinkle-like protein [Scenedesmus sp. PABB004], KAF8073039.1 Twinkle-like protein [Scenedesmus sp. PABB004], KAF8073040.1 Twinkle-like protein [Scenedesmus sp. PABB004]	QAXK01009964.1_53-2582
OG0000501	KAF8060562.1 PAT04 [Scenedesmus sp. PABB004]	QAXK01015180.1_1811-4048
OG0000506	KAF8056773.1 hypothetical protein HT031_006271 [Scenedesmus sp. PABB004], KAF8056775.1 hypothetical protein HT031_006273 [Scenedesmus sp. PABB004]	QAXK01002250.1_1739-4040
OG0000512	KAF8066224.1 GSH1-1 [Scenedesmus sp. PABB004], KAF8057135.1 RH3A [Scenedesmus sp. PABB004]	QAXK01000565.1_7520-10250
OG0000517	KAF8072623.1 hypothetical protein HT031_000283 [Scenedesmus sp. PABB004]	QAXK01001595.1_3107-7081
OG0000519	KAF8058410.1 hypothetical protein HT031_005534 [Scenedesmus sp. PABB004]	QAXK01004538.1_836-4145
OG0000520	KAF8058944.1 SRD5A1 [Scenedesmus sp. PABB004]	QAXK01002274.1_7306-5678
OG0000521	KAF8060317.1 protein phosphatase 2C 69 [Scenedesmus sp. PABB004]	QAXK01000876.1_25410-28882
OG0000522	KAF8060045.1 DnAJ-like protein [Scenedesmus sp. PABB004], KAF8067356.1 sdhC [Scenedesmus sp. PABB004]	QAXK01010222.1_2855-4006
OG0000528	KAF8064679.1 pitC [Scenedesmus sp. PABB004]	QAXK01011871.1_1755-3976
OG0000535	KAF8072934.1 KIF6 [Scenedesmus sp. PABB004]	QAXK01008326.1_3715-2230
OG0000542	KAF8063735.1 VPS45 [Scenedesmus sp. PABB004], KAF8059184.1 COAC2 [Scenedesmus sp. PABB004]	QAXK01007731.1_21245-25168
OG0000546	KAF8073136.1 SYP43 [Scenedesmus sp. PABB004]	QAXK01003383.1_11610-10089
OG0000552	KAF8062676.1 SCPL46 [Scenedesmus sp. PABB004]	QAXK01001452.1_4877-8338
OG0000572	KAF8067221.1 HAC1 [Scenedesmus sp. PABB004]	QAXK01002353.1_6519-15187
OG0000573	KAF8062784.1 hypothetical protein HT031_004114 [Scenedesmus sp. PABB004], KAF8062671.1 hypothetical protein HT031_004000 [Scenedesmus sp. PABB004]	QAXK01003348.1_1486-6
OG0000577	KAF8063040.1 TIF3F1 [Scenedesmus sp. PABB004], KAF8062904.1 tlcA [Scenedesmus sp. PABB004]	QAXK01003132.1_5372-2862
OG0000585	KAF8072715.1 hypothetical protein HT031_000375 [Scenedesmus sp. PABB004], KAF8068375.1 BTL3 [Scenedesmus sp. PABB004]	QAXK01002652.1_31218-33264
OG0000586	KAF8065774.1 hypothetical protein HT031_002834 [Scenedesmus sp. PABB004]	QAXK01001200.1_17606-19818
OG0000594	KAF8063741.1 GFT1 [Scenedesmus sp. PABB004], KAF8057271.1 SAT2 [Scenedesmus sp. PABB004], KAF8063683.1 GFT1 [Scenedesmus sp. PABB004]	QAXK01013585.1_2213-468
OG0000595	KAF8063782.1 RAB23 [Scenedesmus sp. PABB004], KAF8071169.1 YPTC6 [Scenedesmus sp. PABB004]	QAXK01010664.1_1473-417
OG0000611	KAF8068161.1 EP0 [Scenedesmus sp. PABB004], KAF8071248.1 ubtd1 [Scenedesmus sp. PABB004]	QAXK01011586.1_4054-3461
OG0000616	KAF8070936.1 hypothetical protein HT031_001017 [Scenedesmus sp. PABB004]	QAXK01001265.1_8774-9883
OG0000626	KAF8058469.1 SDAD1 [Scenedesmus sp. PABB004]	QAXK01003230.1_4778-8012
OG0000635	KAF8054980.1 hypothetical protein HT031_006870 [Scenedesmus sp. PABB004]	QAXK01004870.1_4878-5513
OG0000637	KAF8065666.1 NAA20 [Scenedesmus sp. PABB004]	QAXK01001575.1_13855-13334
OG0000638	KAF8065791.1 ABCI6 [Scenedesmus sp. PABB004], KAF8066343.1 mon2 [Scenedesmus sp. PABB004]	QAXK01010124.1_10448-8669
OG0000649	KAF8065957.1 hypothetical protein HT031_003018 [Scenedesmus sp. PABB004], KAF8059202.1 LYSA1 [Scenedesmus sp. PABB004]	QAXK01000254.1_6101-3555
OG0000653	KAF8072900.1 asd [Scenedesmus sp. PABB004], KAF8064545.1 Ank3 [Scenedesmus sp. PABB004]	QAXK01000123.1_7289-10291
OG0000654	KAF8072386.1 ncbp3 [Scenedesmus sp. PABB004]	QAXK01000799.1_92299-89512
OG0000661	KAF8071310.1 ODA9 [Scenedesmus sp. PABB004]	QAXK01004242.1_3727-7707
OG0000662	KAF8058854.1 hypothetical protein HT031_005422 [Scenedesmus sp. PABB004], KAF8056431.1 hypothetical protein HT031_006288 [Scenedesmus sp. PABB004]	QAXK01000452.1_6301-4533
OG0000664	KAF8065536.1 wdr82 [Scenedesmus sp. PABB004]	QAXK01015723.1_3192-4172
OG0000671	KAF8064588.1 POLR3F [Scenedesmus sp. PABB004]	QAXK01001535.1_15806-14316
OG0000676	KAF8073045.1 LSM1A [Scenedesmus sp. PABB004]	QAXK01015338.1_519-166
OG0000678	KAF8064669.1 SKP1B [Scenedesmus sp. PABB004], KAF8062103.1 hypothetical protein HT031_004363 [Scenedesmus sp. PABB004]	QAXK01001500.1_1992-2978
OG0000679	KAF8067226.1 Nat9 [Scenedesmus sp. PABB004], KAF8070910.1 GPX6 [Scenedesmus sp. PABB004]	QAXK01006881.1_8512-9541
OG0000688	KAF8072582.1 nmd3 [Scenedesmus sp. PABB004]	QAXK01003305.1_27047-24211
OG0000689	KAF8065927.1 IPMS1 [Scenedesmus sp. PABB004]	QAXK01001638.1_16082-13313
OG0000691	KAF8057736.1 hypothetical protein HT031_005920 [Scenedesmus sp. PABB004], KAF8059659.1 slc38a10 [Scenedesmus sp. PABB004]	QAXK01001186.1_10565-8532
OG0000693	KAF8065442.1 HAP2 [Scenedesmus sp. PABB004]	QAXK01008377.1_3630-1851
OG0000694	KAF8070979.1 hddc2 [Scenedesmus sp. PABB004], KAF8067123.1 Ccdc61 [Scenedesmus sp. PABB004]	QAXK01012986.1_3546-2582
OG0000697	KAF8068188.1 hypothetical protein HT031_001874 [Scenedesmus sp. PABB004]	QAXK01000899.1_15443-14285
OG0000704	KAF8060550.1 TMEM18 [Scenedesmus sp. PABB004]	QAXK01006701.1_1896-1296
OG0000730	KAF8061075.1 PRP31 [Scenedesmus sp. PABB004]	QAXK01001551.1_59690-63747
OG0000732	KAF8068353.1 ttuB [Scenedesmus sp. PABB004]	QAXK01003652.1_16558-15646
OG0000734	KAF8073060.1 mdn1 [Scenedesmus sp. PABB004]	QAXK01007307.1_6962-7960
OG0000735	KAF8065437.1 hypothetical protein HT031_003038 [Scenedesmus sp. PABB004]	QAXK01011105.1_8336-6488
OG0000747	KAF8060493.1 SYP61 [Scenedesmus sp. PABB004]	QAXK01006607.1_16309-17535
OG0000753	KAF8062970.1 Succinate--CoA ligase [ADP-forming] subunit beta [Scenedesmus sp. PABB004]	QAXK01001647.1_3154-482
OG0000764	KAF8058334.1 VTE4 [Scenedesmus sp. PABB004]	QAXK01005724.1_7661-4858
OG0000770	KAF8070973.1 putative glucose-6-phosphate 1-epimerase [Scenedesmus sp. PABB004]	QAXK01003607.1_11324-13747
OG0000774	KAF8069541.1 ATG101 [Scenedesmus sp. PABB004]	QAXK01004825.1_8965-10753
OG0000777	KAF8072499.1 Zinc finger CCCH domain-containing protein 10 [Scenedesmus sp. PABB004]	QAXK01002948.1_4354-3157
OG0000784	KAF8073091.1 dpm1 [Scenedesmus sp. PABB004]	QAXK01014689.1_5406-4708
OG0000786	KAF8062042.1 protein-ribulosamine 3-kinase [Scenedesmus sp. PABB004]	QAXK01006828.1_9411-7696
OG0000788	KAF8059719.1 Caltractin [Scenedesmus sp. PABB004]	QAXK01010339.1_3422-4517
OG0000793	KAF8071092.1 RHD3 [Scenedesmus sp. PABB004]	QAXK01000249.1_22218-16975
OG0000799	KAF8066360.1 NUC1 [Scenedesmus sp. PABB004]	QAXK01005565.1_18254-19052
OG0000818	KAF8064537.1 ADNT1 [Scenedesmus sp. PABB004]	QAXK01008587.1_153-1989
OG0000819	KAF8065598.1 hypothetical protein HT031_003199 [Scenedesmus sp. PABB004]	QAXK01003572.1_15443-13865
OG0000827	KAF8072873.1 hypothetical protein HT031_000533 [Scenedesmus sp. PABB004]	QAXK01003364.1_14418-18303
OG0000828	KAF8065478.1 CCB2 [Scenedesmus sp. PABB004], KAF8065912.1 RPL21M [Scenedesmus sp. PABB004]	QAXK01000782.1_20679-19905
OG0000830	KAF8072658.1 Serine/threonine-protein kinase SRPK [Scenedesmus sp. PABB004]	QAXK01013271.1_12309-15183
OG0000838	KAF8066236.1 BOB1 [Scenedesmus sp. PABB004], KAF8072502.1 ftsZ [Scenedesmus sp. PABB004]	QAXK01003718.1_1305-2104
OG0000856	KAF8058039.1 coiled-coil domain-containing protein [Scenedesmus sp. PABB004]	QAXK01018212.1_1235-2568
OG0000857	KAF8069590.1 BOR1 [Scenedesmus sp. PABB004]	QAXK01003829.1_4453-4800
OG0000858	KAF8062910.1 ATP23 [Scenedesmus sp. PABB004], KAF8059713.1 PIP5K1 [Scenedesmus sp. PABB004]	QAXK01000114.1_14115-13091
OG0000882	KAF8060038.1 serine/threonine-protein kinase [Scenedesmus sp. PABB004], KAF8066374.1 fyna [Scenedesmus sp. PABB004], KAF8069589.1 FEN1 [Scenedesmus sp. PABB004]	QAXK01006249.1_4939-7634
OG0000890	KAF8057728.1 hypothetical protein HT031_005912 [Scenedesmus sp. PABB004]	QAXK01001134.1_10091-19430
OG0000898	KAF8064535.1 RNA cytidine acetyltransferase 1 [Scenedesmus sp. PABB004]	QAXK01003876.1_5991-120
OG0000899	KAF8068261.1 TIF3C1 [Scenedesmus sp. PABB004]	QAXK01013989.1_346-4178
OG0000908	KAF8062805.1 IscA-like protein [Scenedesmus sp. PABB004]	QAXK01003972.1_3812-4471
OG0000925	KAF8064602.1 hypothetical protein HT031_003403 [Scenedesmus sp. PABB004]	QAXK01005294.1_1798-325
OG0000926	KAF8062786.1 CKAP5 [Scenedesmus sp. PABB004]	QAXK01006171.1_11343-179
OG0000934	KAF8057137.1 CSLA3 [Scenedesmus sp. PABB004]	QAXK01002301.1_12772-10269
OG0000936	KAF8059185.1 TCAF2 [Scenedesmus sp. PABB004]	QAXK01016824.1_8642-5783
OG0000942	KAF8067129.1 PAT24 [Scenedesmus sp. PABB004]	QAXK01000587.1_67122-65127
OG0000950	KAF8055491.1 lacZ [Scenedesmus sp. PABB004]	QAXK01002497.1_4221-184
OG0000953	KAF8063825.1 hypothetical protein HT031_003682 [Scenedesmus sp. PABB004], KAF8055991.1 hypothetical protein HT031_006512 [Scenedesmus sp. PABB004], KAF8056016.1 hypothetical protein HT031_006537 [Scenedesmus sp. PABB004], KAF8072948.1 CSN2 [Scenedesmus sp. PABB004]	QAXK01003575.1_2283-197
OG0000971	KAF8067403.1 M3KE1 [Scenedesmus sp. PABB004]	QAXK01002117.1_8261-6549
OG0000972	KAF8054894.1 NADH dehydrogenase [ubiquinone] flavoprotein 1 [Scenedesmus sp. PABB004]	QAXK01000705.1_20067-23668
OG0000974	KAF8063857.1 PL10B [Scenedesmus sp. PABB004]	QAXK01004234.1_3012-6646
OG0000975	KAF8056826.1 LACS7 [Scenedesmus sp. PABB004], KAF8073206.1 LACS7 [Scenedesmus sp. PABB004]	QAXK01000204.1_17480-21863
OG0000993	KAF8061888.1 DAW1 [Scenedesmus sp. PABB004]	QAXK01000283.1_5726-3204
OG0001052	KAF8056760.1 TGD2 [Scenedesmus sp. PABB004], KAF8056764.1 RD21A [Scenedesmus sp. PABB004], KAF8056772.1 hypothetical protein HT031_006270 [Scenedesmus sp. PABB004], KAF8056774.1 hypothetical protein HT031_006272 [Scenedesmus sp. PABB004]	QAXK01004375.1_5952-7899
OG0001054	KAF8056785.1 1-acyl-sn-glycerol-3-phosphate acyltransferase [Scenedesmus sp. PABB004]	QAXK01011306.1_4473-2613
OG0001058	KAF8073240.1 hypothetical protein HT031_000901 [Scenedesmus sp. PABB004]	QAXK01006232.1_3779-3289
OG0001060	KAF8063090.1 AIP1 [Scenedesmus sp. PABB004], KAF8061128.1 hypothetical protein HT031_004589 [Scenedesmus sp. PABB004], KAF8060275.1 hly [Scenedesmus sp. PABB004]	QAXK01001037.1_5070-1976
OG0001061	KAF8065444.1 40S ribosomal protein S3a [Scenedesmus sp. PABB004]	QAXK01005753.1_2076-3799
OG0001062	KAF8063085.1 smkA [Scenedesmus sp. PABB004]	QAXK01000341.1_1318-5933
OG0001063	KAF8068343.1 selD1 [Scenedesmus sp. PABB004]	QAXK01005942.1_10013-5629
OG0001064	KAF8063764.1 SPP1 [Scenedesmus sp. PABB004]	QAXK01004812.1_12403-13506
OG0001072	KAF8060362.1 BMS1 [Scenedesmus sp. PABB004]	QAXK01000429.1_50912-41458
OG0001074	KAF8073133.1 SAMS2 [Scenedesmus sp. PABB004], KAF8058429.1 hypothetical protein HT031_005553 [Scenedesmus sp. PABB004]	QAXK01000217.1_8076-10531
OG0001079	KAF8056112.1 pantothenate kinase 2 [Scenedesmus sp. PABB004]	QAXK01000446.1_57156-52957
OG0001082	KAF8073167.1 ATP synthase subunit delta [Scenedesmus sp. PABB004]	QAXK01005854.1_4720-5401
OG0001094	KAF8072914.1 GAL1 [Scenedesmus sp. PABB004], KAF8072885.1 GAL1 [Scenedesmus sp. PABB004]	QAXK01001089.1_6956-8023
OG0001095	KAF8071286.1 hypothetical protein HT031_001369 [Scenedesmus sp. PABB004], KAF8058433.1 eukaryotic translation initiation factor 5-1 [Scenedesmus sp. PABB004]	QAXK01000217.1_13973-11099
OG0001096	KAF8067426.1 mnd1 [Scenedesmus sp. PABB004], KAF8067425.1 hypothetical protein HT031_002473 [Scenedesmus sp. PABB004]	QAXK01005613.1_12658-11106
OG0001099	KAF8063747.1 NRPB3 [Scenedesmus sp. PABB004]	QAXK01001823.1_3618-2631
OG0001101	KAF8066359.1 EIF3D [Scenedesmus sp. PABB004]	QAXK01003836.1_8909-3187
OG0001103	KAF8064568.1 TMN7 [Scenedesmus sp. PABB004], KAF8062046.1 TMN7 [Scenedesmus sp. PABB004]	QAXK01003163.1_8178-11099
OG0001105	KAF8071039.1 Usp2 [Scenedesmus sp. PABB004]	QAXK01006902.1_4861-6562
OG0001120	KAF8069430.1 RPC19 [Scenedesmus sp. PABB004], KAF8071210.1 NRPB11 [Scenedesmus sp. PABB004]	QAXK01002607.1_494-808
OG0001122	KAF8071278.1 UPF2 [Scenedesmus sp. PABB004]	QAXK01010311.1_2932-555
OG0001123	KAF8067237.1 CDC5 [Scenedesmus sp. PABB004]	QAXK01007750.1_2281-4745
OG0001133	KAF8058941.1 tuf [Scenedesmus sp. PABB004]	QAXK01006196.1_4390-1589
OG0001143	KAF8073111.1 DEX1 [Scenedesmus sp. PABB004]	QAXK01003700.1_2979-9653
OG0001144	KAF8073057.1 PXM16 [Scenedesmus sp. PABB004]	QAXK01003900.1_2413-4929
OG0001156	KAF8073160.1 D2HGDH [Scenedesmus sp. PABB004]	QAXK01018601.1_3296-410
OG0001158	KAF8068201.1 SIR1 [Scenedesmus sp. PABB004]	QAXK01006945.1_6596-10279
OG0001161	KAF8071349.1 thylakoid lumenal protein [Scenedesmus sp. PABB004]	QAXK01004407.1_7887-8977
OG0001166	KAF8059377.1 hypothetical protein HT031_005182 [Scenedesmus sp. PABB004]	QAXK01009825.1_846-2644
OG0001171	KAF8058834.1 Eif2b4 [Scenedesmus sp. PABB004]	QAXK01006983.1_10356-12388
OG0001176	KAF8064541.1 hypothetical protein HT031_003341 [Scenedesmus sp. PABB004]	QAXK01004323.1_8147-5874
OG0001180	KAF8071164.1 SOL1 [Scenedesmus sp. PABB004]	QAXK01019295.1_3574-2070
OG0001194	KAF8055583.1 SDH1 [Scenedesmus sp. PABB004]	QAXK01001649.1_8862-4505
OG0001201	KAF8073231.1 ALS SURB [Scenedesmus sp. PABB004]	QAXK01000596.1_10252-6748
OG0001208	KAF8065656.1 KIN4A [Scenedesmus sp. PABB004]	QAXK01012769.1_10100-9091
OG0001212	KAF8055819.1 hypothetical protein HT031_006594 [Scenedesmus sp. PABB004]	QAXK01005236.1_15612-13478
OG0001214	KAF8063761.1 KIN5A [Scenedesmus sp. PABB004]	QAXK01012739.1_10679-8642
OG0001216	KAF8062701.1 SPAC3H8.02 [Scenedesmus sp. PABB004]	QAXK01001490.1_17280-15927
OG0001219	KAF8073106.1 KIN13B [Scenedesmus sp. PABB004]	QAXK01008035.1_3747-6912
OG0001221	KAF8067134.1 SYP32 [Scenedesmus sp. PABB004]	QAXK01001061.1_17190-18239
OG0001223	KAF8062096.1 Cwc22 [Scenedesmus sp. PABB004]	QAXK01005846.1_3896-588
OG0001229	KAF8059136.1 LWD1 [Scenedesmus sp. PABB004]	QAXK01016063.1_5569-3270
OG0001231	KAF8060276.1 YPTC5 [Scenedesmus sp. PABB004]	QAXK01000362.1_21408-20438
OG0001236	KAF8065590.1 hypothetical protein HT031_003191 [Scenedesmus sp. PABB004]	QAXK01000513.1_15183-11736
OG0001242	KAF8072790.1 SBT6.1 [Scenedesmus sp. PABB004]	QAXK01004645.1_1487-5075
OG0001246	KAF8056743.1 glutamate--tRNA ligase [Scenedesmus sp. PABB004]	QAXK01010639.1_8900-15142
OG0001248	KAF8072982.1 UPL3 [Scenedesmus sp. PABB004]	QAXK01010718.1_75-1989
OG0001264	KAF8057775.1 tropinone reductase [Scenedesmus sp. PABB004], KAF8057855.1 tropinone reductase-like protein [Scenedesmus sp. PABB004]	QAXK01001653.1_329-2259
OG0001279	KAF8055399.1 pih1d1 [Scenedesmus sp. PABB004]	QAXK01000624.1_32528-30577
OG0001307	KAF8057100.1 hypothetical protein HT031_006109 [Scenedesmus sp. PABB004]	QAXK01005917.1_319-7230
OG0001308	KAF8062768.1 OVA6 [Scenedesmus sp. PABB004]	QAXK01006084.1_8922-13556
OG0001309	KAF8057121.1 splicing factor 3A subunit 1 [Scenedesmus sp. PABB004]	QAXK01004533.1_5070-10667
OG0001310	KAF8066254.1 strap [Scenedesmus sp. PABB004]	QAXK01002895.1_5020-6663
OG0001311	KAF8060347.1 AP-4 complex subunit epsilon [Scenedesmus sp. PABB004]	QAXK01001613.1_2521-6885
OG0001312	KAF8057238.1 LAF3 [Scenedesmus sp. PABB004]	QAXK01003510.1_1900-3653
OG0001313	KAF8061373.1 PGM3 [Scenedesmus sp. PABB004]	QAXK01001184.1_9548-5781
OG0001314	KAF8072387.1 ttc4 [Scenedesmus sp. PABB004]	QAXK01001944.1_3765-1753
OG0001316	KAF8064508.1 ATJ13 [Scenedesmus sp. PABB004]	QAXK01006921.1_16832-14836
OG0001318	KAF8060281.1 tyrosine--tRNA ligase 1 [Scenedesmus sp. PABB004]	QAXK01001801.1_7866-9916
OG0001320	KAF8060629.1 DNA primase large subunit [Scenedesmus sp. PABB004]	QAXK01000167.1_14384-11911
OG0001328	KAF8072996.1 TSB2 [Scenedesmus sp. PABB004]	QAXK01006882.1_17133-19836
OG0001331	KAF8068401.1 HOC1 [Scenedesmus sp. PABB004]	QAXK01009171.1_15170-12352
OG0001332	KAF8058353.1 hypothetical protein HT031_005671 [Scenedesmus sp. PABB004], KAF8063045.1 eukaryotic translation initiation factor 3 subunit L [Scenedesmus sp. PABB004]	QAXK01004338.1_10706-15436
OG0001334	KAF8056244.1 ddx24 [Scenedesmus sp. PABB004], KAF8055993.1 HMCN1 [Scenedesmus sp. PABB004]	QAXK01003133.1_258-4577
OG0001338	KAF8068424.1 CCR4-1 [Scenedesmus sp. PABB004]	QAXK01002293.1_4021-8056
OG0001340	KAF8056844.1 hypothetical protein HT031_006188 [Scenedesmus sp. PABB004]	QAXK01004523.1_6228-4685
OG0001342	KAF8056357.1 NPL4-like protein 1 [Scenedesmus sp. PABB004]	QAXK01003268.1_11937-16935
OG0001343	KAF8073116.1 GCP2 [Scenedesmus sp. PABB004]	QAXK01000799.1_6873-2057
OG0001353	KAF8055828.1 hypothetical protein HT031_006603 [Scenedesmus sp. PABB004]	QAXK01011632.1_4873-7912
OG0001356	KAF8064608.1 hypothetical protein HT031_003409 [Scenedesmus sp. PABB004]	QAXK01003307.1_27135-26267
OG0001360	KAF8061413.1 bifunctional 3-dehydroquinate dehydratase/shikimate dehydrogenase [Scenedesmus sp. PABB004]	QAXK01001741.1_6153-8648
OG0001363	KAF8056248.1 proline--tRNA ligase [Scenedesmus sp. PABB004]	QAXK01003747.1_13973-10331
OG0001365	KAF8058408.1 hypothetical protein HT031_005532 [Scenedesmus sp. PABB004]	QAXK01000515.1_20837-25236
OG0001366	KAF8058905.1 impact-B [Scenedesmus sp. PABB004], KAF8061340.1 hypothetical protein HT031_004431 [Scenedesmus sp. PABB004]	QAXK01004846.1_20461-19235
OG0001370	KAF8056114.1 hypothetical protein HT031_006465 [Scenedesmus sp. PABB004]	QAXK01000381.1_4423-6771
OG0001374	KAF8062926.1 ARL8B [Scenedesmus sp. PABB004]	QAXK01013224.1_5335-6988
OG0001375	KAF8065594.1 RAE1 [Scenedesmus sp. PABB004]	QAXK01005120.1_8361-10056
OG0001376	KAF8064682.1 UBC32 [Scenedesmus sp. PABB004]	QAXK01019935.1_413-1820
OG0001381	KAF8058911.1 ARG7 [Scenedesmus sp. PABB004]	QAXK01000172.1_6135-2748
OG0001382	KAF8065579.1 SMC2-1 [Scenedesmus sp. PABB004]	QAXK01001066.1_8917-1138
OG0001383	KAF8061304.1 gyrA [Scenedesmus sp. PABB004]	QAXK01003326.1_3639-1243
OG0001385	KAF8057634.1 TOP6B [Scenedesmus sp. PABB004]	QAXK01005279.1_10173-5871
OG0001388	KAF8054973.1 RH29 [Scenedesmus sp. PABB004]	QAXK01001208.1_10635-13964
OG0001393	KAF8062780.1 CDKC-1 [Scenedesmus sp. PABB004]	QAXK01005917.1_17047-13738
OG0001397	KAF8067373.1 SMU1 [Scenedesmus sp. PABB004]	QAXK01000502.1_39339-43298
OG0001398	KAF8071197.1 NFS2 [Scenedesmus sp. PABB004]	QAXK01003277.1_3770-8
OG0001400	KAF8058464.1 CCDC25 [Scenedesmus sp. PABB004]	QAXK01001993.1_28544-29840
OG0001401	KAF8072868.1 PITH domain-containing protein [Scenedesmus sp. PABB004]	QAXK01010276.1_2943-1867
OG0001406	KAF8058453.1 Hdac1 [Scenedesmus sp. PABB004]	QAXK01000595.1_2983-1676
OG0001408	KAF8057112.1 XPO1 [Scenedesmus sp. PABB004]	QAXK01000367.1_8675-18356
OG0001409	KAF8067418.1 trx1 [Scenedesmus sp. PABB004]	QAXK01004930.1_4250-5628
OG0001417	KAF8055281.1 Threonine synthase [Scenedesmus sp. PABB004]	QAXK01005381.1_315-2273
OG0001420	KAF8059182.1 ZBP14 [Scenedesmus sp. PABB004]	QAXK01000297.1_21777-22493
OG0001424	KAF8056371.1 hypothetical protein HT031_006370 [Scenedesmus sp. PABB004]	QAXK01001628.1_9434-11057
OG0001425	KAF8062909.1 ASB1 [Scenedesmus sp. PABB004]	QAXK01003581.1_2363-4183
OG0001426	KAF8058135.1 PRP8A [Scenedesmus sp. PABB004]	QAXK01005880.1_1-9276
OG0001428	KAF8065743.1 hypothetical protein HT031_002803 [Scenedesmus sp. PABB004]	QAXK01000837.1_14096-17956
OG0001431	KAF8071370.1 R06F6.8 [Scenedesmus sp. PABB004]	QAXK01013424.1_6153-1945
OG0001445	KAF8069713.1 nucleolar GTP-binding protein 1 [Scenedesmus sp. PABB004]	QAXK01000732.1_11950-7418
OG0001455	KAF8061059.1 CYP97C1 [Scenedesmus sp. PABB004]	QAXK01001576.1_5934-8651
OG0001456	KAF8065530.1 PRP40A [Scenedesmus sp. PABB004]	QAXK01006785.1_1906-1226
OG0001460	KAF8060545.1 RPL15 [Scenedesmus sp. PABB004]	QAXK01015424.1_3358-1233
OG0001462	KAF8071322.1 SEC31B [Scenedesmus sp. PABB004]	QAXK01002112.1_6014-14709
OG0001465	KAF8069615.1 hypothetical protein HT031_001732 [Scenedesmus sp. PABB004]	QAXK01006322.1_7890-11183
OG0001469	KAF8059190.1 PEX10 [Scenedesmus sp. PABB004]	QAXK01007783.1_10721-12010
OG0001473	KAF8061317.1 bbs9 [Scenedesmus sp. PABB004]	QAXK01003650.1_4575-2929
OG0001476	KAF8056126.1 COG6 [Scenedesmus sp. PABB004]	QAXK01001134.1_7136-9582
OG0001477	KAF8061068.1 Mutyh [Scenedesmus sp. PABB004]	QAXK01003160.1_17527-15091
OG0001480	KAF8055907.1 OCT1 [Scenedesmus sp. PABB004]	QAXK01000632.1_24086-22557
OG0001482	KAF8072358.1 Glutamate--tRNA ligase [Scenedesmus sp. PABB004]	QAXK01000159.1_14204-11398
OG0001488	KAF8059137.1 UBP14 [Scenedesmus sp. PABB004]	QAXK01004286.1_7784-2904
OG0001492	KAF8066160.1 HCF244 [Scenedesmus sp. PABB004]	QAXK01003809.1_2040-4733
OG0001493	KAF8065497.1 RNR1 [Scenedesmus sp. PABB004]	QAXK01001201.1_5367-10319
OG0001506	KAF8071127.1 RPL13 [Scenedesmus sp. PABB004]	QAXK01000137.1_3425-4331
OG0001514	KAF8072580.1 hypothetical protein HT031_000240 [Scenedesmus sp. PABB004]	QAXK01003231.1_16625-14068
OG0001526	KAF8072660.1 aspS [Scenedesmus sp. PABB004]	QAXK01019948.1_5388-2969
OG0001527	KAF8067307.1 SRL1 [Scenedesmus sp. PABB004]	QAXK01013863.1_4654-1867
OG0001528	KAF8054988.1 nol10 [Scenedesmus sp. PABB004]	QAXK01000325.1_37384-41123
OG0001529	KAF8073044.1 nip7 [Scenedesmus sp. PABB004]	QAXK01004092.1_4427-5291
OG0001532	KAF8073104.1 PI4KG4 [Scenedesmus sp. PABB004]	QAXK01000782.1_11007-12134
OG0001533	KAF8066290.1 hypothetical protein HT031_002613 [Scenedesmus sp. PABB004]	QAXK01000265.1_17007-12444
OG0001534	KAF8063655.1 RID1 [Scenedesmus sp. PABB004]	QAXK01000695.1_5671-2183
OG0001538	KAF8062754.1 CSN1 [Scenedesmus sp. PABB004], KAF8060571.1 STR1 [Scenedesmus sp. PABB004]	QAXK01009353.1_4260-348
OG0001542	KAF8058092.1 ALIS1 [Scenedesmus sp. PABB004]	QAXK01011884.1_2510-4036
OG0001544	KAF8065855.1 hypothetical protein HT031_002915 [Scenedesmus sp. PABB004], KAF8065877.1 TPK1 [Scenedesmus sp. PABB004]	QAXK01002332.1_5291-4007
OG0001545	KAF8064646.1 PRMT5 [Scenedesmus sp. PABB004]	QAXK01000350.1_22889-27018
OG0001546	KAF8065802.1 GCP1 [Scenedesmus sp. PABB004], KAF8060313.1 tsaD [Scenedesmus sp. PABB004]	QAXK01011857.1_1226-3209
OG0001549	KAF8073131.1 cbf5 [Scenedesmus sp. PABB004]	QAXK01005406.1_4717-2509
OG0001550	KAF8073020.1 ABCE2 [Scenedesmus sp. PABB004]	QAXK01004537.1_7009-1449
OG0001551	KAF8069575.1 Rprd1b [Scenedesmus sp. PABB004]	QAXK01006072.1_19473-19787
OG0001554	KAF8055088.1 hypothetical protein HT031_006838 [Scenedesmus sp. PABB004]	QAXK01001638.1_7681-11612
OG0001561	KAF8059098.1 RDM16 [Scenedesmus sp. PABB004]	QAXK01003228.1_3995-6597
OG0001562	KAF8065712.1 grwd1 [Scenedesmus sp. PABB004]	QAXK01000869.1_5647-9196
OG0001571	KAF8061926.1 hypothetical protein HT031_004186 [Scenedesmus sp. PABB004], KAF8061925.1 Kif3c [Scenedesmus sp. PABB004]	QAXK01005898.1_15715-20620
OG0001573	KAF8058893.1 zinc finger CCCH domain-containing protein 24 [Scenedesmus sp. PABB004]	QAXK01001714.1_23807-22483
OG0001575	KAF8072757.1 MAP1B [Scenedesmus sp. PABB004]	QAXK01006456.1_5116-6698
OG0001576	KAF8056781.1 Glyoxysomal fatty acid beta-oxidation multifunctional protein MFP-a [Scenedesmus sp. PABB004]	QAXK01003511.1_8584-2188
OG0001579	KAF8073097.1 hypothetical protein HT031_000758 [Scenedesmus sp. PABB004]	QAXK01000149.1_3007-205
OG0001581	KAF8057853.1 NFS1 [Scenedesmus sp. PABB004]	QAXK01003468.1_8146-4525
OG0001582	KAF8066276.1 KINB2 [Scenedesmus sp. PABB004]	QAXK01003110.1_3669-4960
OG0001592	KAF8073150.1 hypothetical protein HT031_000811 [Scenedesmus sp. PABB004]	QAXK01004995.1_4321-153
OG0001595	KAF8073134.1 DEAD-box ATP-dependent RNA helicase 38 [Scenedesmus sp. PABB004]	QAXK01003821.1_4511-8191
OG0001602	KAF8057633.1 yciO [Scenedesmus sp. PABB004]	QAXK01009112.1_2932-1649
OG0001606	KAF8056247.1 CARS1 [Scenedesmus sp. PABB004]	QAXK01001551.1_37852-43451
OG0001618	KAF8071151.1 fabZ [Scenedesmus sp. PABB004]	QAXK01003579.1_4454-5700
OG0001620	KAF8062034.1 Zadh2 [Scenedesmus sp. PABB004]	QAXK01004906.1_4885-7564
OG0001625	KAF8072584.1 PPOX2 [Scenedesmus sp. PABB004]	QAXK01008598.1_11627-10467
OG0001666	KAF8072634.1 Transketolase [Scenedesmus sp. PABB004]	QAXK01000648.1_7716-3949
OG0001670	KAF8060470.1 hypothetical protein HT031_004646 [Scenedesmus sp. PABB004]	QAXK01001801.1_20671-18627
OG0001676	KAF8063844.1 TRN1 [Scenedesmus sp. PABB004]	QAXK01000084.1_15952-9180
OG0001677	KAF8071251.1 CNX2 [Scenedesmus sp. PABB004]	QAXK01006154.1_7199-4782
OG0001679	KAF8072894.1 hypothetical protein HT031_000554 [Scenedesmus sp. PABB004]	QAXK01005586.1_4660-3715
OG0001681	KAF8061344.1 phosphoribosylformylglycinamidine synthase [Scenedesmus sp. PABB004]	QAXK01003694.1_10054-1111
OG0001683	KAF8073253.1 NIFU1 [Scenedesmus sp. PABB004]	QAXK01005873.1_4902-1877
OG0001684	KAF8062920.1 hypothetical protein HT031_003758 [Scenedesmus sp. PABB004]	QAXK01001160.1_46203-44172
OG0001686	KAF8060094.1 CHC2 [Scenedesmus sp. PABB004]	QAXK01001518.1_29154-38461
OG0001687	KAF8057752.1 NADH dehydrogenase [ubiquinone] 1 alpha subcomplex subunit 6 [Scenedesmus sp. PABB004]	QAXK01011350.1_4968-4302
OG0001689	KAF8054987.1 PBB2 [Scenedesmus sp. PABB004]	QAXK01000325.1_49285-50693
OG0001694	KAF8060609.1 mak16 [Scenedesmus sp. PABB004]	QAXK01004860.1_550-2257
OG0001698	KAF8072691.1 AL21 [Scenedesmus sp. PABB004]	QAXK01011739.1_15998-17366
OG0001700	KAF8072352.1 HSP70-14 [Scenedesmus sp. PABB004]	QAXK01001944.1_5351-7976
OG0001702	KAF8066187.1 BIO2 [Scenedesmus sp. PABB004]	QAXK01000864.1_61145-62900
OG0001703	KAF8059983.1 POLA2 [Scenedesmus sp. PABB004]	QAXK01003602.1_34329-32576
OG0001704	KAF8073147.1 clptm1 [Scenedesmus sp. PABB004]	QAXK01008991.1_236-2513
OG0001705	KAF8065924.1 IBI1 [Scenedesmus sp. PABB004]	QAXK01002478.1_7313-12188
OG0001708	KAF8057678.1 ING4 [Scenedesmus sp. PABB004]	QAXK01014303.1_4896-6584
OG0001709	KAF8070871.1 Alpha-latrocrustotoxin-a [Scenedesmus sp. PABB004]	QAXK01018148.1_4196-2780
OG0001712	KAF8073108.1 RPL13AB [Scenedesmus sp. PABB004]	QAXK01008136.1_3960-6111
OG0001713	KAF8062007.1 lysS [Scenedesmus sp. PABB004]	QAXK01001137.1_1588-5821
OG0001714	KAF8069384.1 hypothetical protein HT031_001499 [Scenedesmus sp. PABB004]	QAXK01014632.1_3916-2466
OG0001715	KAF8055936.1 hypothetical protein HT031_006575 [Scenedesmus sp. PABB004]	QAXK01004338.1_24179-21163
OG0001716	KAF8062742.1 NADH dehydrogenase [ubiquinone] flavoprotein 2 [Scenedesmus sp. PABB004]	QAXK01000646.1_3437-2178
OG0001718	KAF8071236.1 ceeh-2 [Scenedesmus sp. PABB004]	QAXK01002273.1_1901-3023
OG0001719	KAF8069563.1 CCT6A [Scenedesmus sp. PABB004]	QAXK01013811.1_5298-9155
OG0001724	KAF8062679.1 Mettl5 [Scenedesmus sp. PABB004]	QAXK01006565.1_2429-269
OG0001728	KAF8060534.1 RPS19A [Scenedesmus sp. PABB004]	QAXK01001807.1_1026-15
OG0001737	KAF8071122.1 U2AF35A [Scenedesmus sp. PABB004]	QAXK01014793.1_2710-905
OG0001738	KAF8065928.1 PEX12 [Scenedesmus sp. PABB004]	QAXK01000446.1_74898-73132
OG0001743	KAF8059461.1 RPT6B [Scenedesmus sp. PABB004]	QAXK01001289.1_5327-2954
OG0001744	KAF8058411.1 EB1C [Scenedesmus sp. PABB004]	QAXK01016939.1_17085-19159
OG0001748	KAF8071078.1 CYP51 [Scenedesmus sp. PABB004]	QAXK01007592.1_13848-10196
OG0001750	KAF8064675.1 hypothetical protein HT031_003477 [Scenedesmus sp. PABB004]	QAXK01018869.1_1324-446
OG0001751	KAF8071125.1 hypothetical protein HT031_001207 [Scenedesmus sp. PABB004]	QAXK01000276.1_2022-2543
OG0001756	KAF8057933.1 fusA1 [Scenedesmus sp. PABB004]	QAXK01004906.1_9592-13569
OG0001760	KAF8068356.1 PAT13 [Scenedesmus sp. PABB004]	QAXK01008046.1_15224-18152
OG0001763	KAF8064574.1 CLPS3 [Scenedesmus sp. PABB004]	QAXK01006402.1_6220-3948
OG0001770	KAF8062085.1 hypothetical protein HT031_004345 [Scenedesmus sp. PABB004]	QAXK01001922.1_7027-5313
OG0001772	KAF8063076.1 hypothetical protein HT031_003915 [Scenedesmus sp. PABB004]	QAXK01010435.1_780-2170
OG0001778	KAF8064485.1 impdh [Scenedesmus sp. PABB004]	QAXK01006312.1_5841-2543
OG0001780	KAF8066342.1 scy1 [Scenedesmus sp. PABB004]	QAXK01003072.1_7601-12066
OG0001782	KAF8057110.1 PRY3 [Scenedesmus sp. PABB004]	QAXK01000627.1_25854-27382
OG0001783	KAF8073186.1 ADE2 [Scenedesmus sp. PABB004]	QAXK01004723.1_8556-4882
OG0001788	KAF8070952.1 spf31 [Scenedesmus sp. PABB004]	QAXK01008099.1_16922-14889
OG0001790	KAF8072392.1 Coatomer subunit gamma [Scenedesmus sp. PABB004]	QAXK01000362.1_13682-19843
OG0001792	KAF8065962.1 rplA [Scenedesmus sp. PABB004]	QAXK01002348.1_22026-23431
OG0001794	KAF8061162.1 eif3g-a [Scenedesmus sp. PABB004]	QAXK01000643.1_10651-8242
OG0001801	KAF8069406.1 TOM1 [Scenedesmus sp. PABB004]	QAXK01000208.1_37779-38874
OG0001806	KAF8061314.1 ycf24 [Scenedesmus sp. PABB004]	QAXK01005447.1_6594-9151
OG0001810	KAF8056863.1 hypothetical protein HT031_006207 [Scenedesmus sp. PABB004]	QAXK01011106.1_2568-3152
OG0001812	KAF8073244.1 coatomer subunit beta-1 [Scenedesmus sp. PABB004]	QAXK01006399.1_9428-14604
OG0001813	KAF8068207.1 phenylalanine--tRNA ligase [Scenedesmus sp. PABB004]	QAXK01000513.1_11487-8211
OG0001818	KAF8073064.1 60S acidic ribosomal protein P0 [Scenedesmus sp. PABB004]	QAXK01004132.1_4579-6060
OG0001821	KAF8072915.1 BSL2 [Scenedesmus sp. PABB004]	QAXK01004177.1_17288-11319
OG0001824	KAF8059708.1 MAP2B [Scenedesmus sp. PABB004]	QAXK01003744.1_2800-6411
OG0001826	KAF8057278.1 CCT8 [Scenedesmus sp. PABB004]	QAXK01000105.1_5499-2693
OG0001832	KAF8054873.1 BIO3-BIO1 [Scenedesmus sp. PABB004], KAF8054954.1 BIO3-BIO1 [Scenedesmus sp. PABB004]	QAXK01005654.1_7220-1642
OG0001837	KAF8065568.1 purH [Scenedesmus sp. PABB004]	QAXK01000842.1_51041-53429
OG0001838	KAF8061341.1 tsr1 [Scenedesmus sp. PABB004]	QAXK01003976.1_8556-3734
OG0001841	KAF8054979.1 ABCF5 [Scenedesmus sp. PABB004]	QAXK01000976.1_10766-5866
OG0001842	KAF8065887.1 hypothetical protein HT031_002948 [Scenedesmus sp. PABB004]	QAXK01006275.1_27485-25822
OG0001843	KAF8060514.1 eif2s3 [Scenedesmus sp. PABB004]	QAXK01004149.1_22375-24958
OG0001845	KAF8060565.1 mettl3 [Scenedesmus sp. PABB004]	QAXK01001702.1_1666-273
OG0001847	KAF8072988.1 sec61a [Scenedesmus sp. PABB004]	QAXK01009311.1_428-2889
OG0001849	KAF8065757.1 hypothetical protein HT031_002817 [Scenedesmus sp. PABB004]	QAXK01007671.1_6596-4238
OG0001855	KAF8065905.1 SF3B4 [Scenedesmus sp. PABB004]	QAXK01000335.1_27254-25603
OG0001856	KAF8058350.1 upp [Scenedesmus sp. PABB004]	QAXK01003506.1_17890-19170
OG0001857	KAF8070880.1 RAN-A1 [Scenedesmus sp. PABB004]	QAXK01002176.1_5254-6169
OG0001858	KAF8071193.1 RPL8 [Scenedesmus sp. PABB004]	QAXK01017983.1_2022-269
OG0001860	KAF8072572.1 Phenylalanine--tRNA ligase alpha subunit [Scenedesmus sp. PABB004]	QAXK01000036.1_15496-18071
OG0001861	KAF8070969.1 guaA [Scenedesmus sp. PABB004]	QAXK01001933.1_13708-11461
OG0001862	KAF8062954.1 yif1b-a [Scenedesmus sp. PABB004]	QAXK01002439.1_1431-31
OG0001863	KAF8065561.1 SLY1 [Scenedesmus sp. PABB004]	QAXK01000006.1_11270-7049
OG0001864	KAF8055911.1 LCMT1 [Scenedesmus sp. PABB004]	QAXK01001807.1_30588-28596
OG0001866	KAF8071226.1 SAD2 [Scenedesmus sp. PABB004]	QAXK01004671.1_3332-9990
OG0001867	KAF8073032.1 complex 1 intermediate-associated protein [Scenedesmus sp. PABB004]	QAXK01006658.1_2089-1110
OG0001868	KAF8061305.1 VPS18 [Scenedesmus sp. PABB004]	QAXK01018034.1_4900-2264
OG0001869	KAF8069447.1 ECR1 [Scenedesmus sp. PABB004]	QAXK01002273.1_12619-10163
OG0001870	KAF8072744.1 RWA3 [Scenedesmus sp. PABB004]	QAXK01007444.1_11468-13953
OG0001871	KAF8072837.1 CBR1 [Scenedesmus sp. PABB004]	QAXK01000027.1_14275-12645
OG0001873	KAF8060109.1 rimO [Scenedesmus sp. PABB004], KAF8054807.1 rimO [Scenedesmus sp. PABB004]	QAXK01003671.1_1285-5252
OG0001874	KAF8057623.1 hypothetical protein HT031_005972 [Scenedesmus sp. PABB004]	QAXK01002443.1_10680-7074
OG0001879	KAF8073080.1 hypothetical protein HT031_000741 [Scenedesmus sp. PABB004]	QAXK01014786.1_3020-29
OG0001880	KAF8058875.1 UBP7 [Scenedesmus sp. PABB004]	QAXK01014616.1_960-3765
OG0001882	KAF8072978.1 PDX1 [Scenedesmus sp. PABB004]	QAXK01001694.1_21339-20476
OG0001883	KAF8055490.1 TIF3I1 [Scenedesmus sp. PABB004]	QAXK01000225.1_2559-365
OG0001887	KAF8055930.1 VP22-1 [Scenedesmus sp. PABB004]	QAXK01004187.1_1760-33
OG0001888	KAF8068421.1 RPN5A [Scenedesmus sp. PABB004]	QAXK01016711.1_4152-7100
OG0001890	KAF8069435.1 protein phosphatase methylesterase 1 [Scenedesmus sp. PABB004]	QAXK01010406.1_2162-130
OG0001893	KAF8060532.1 Pdcl3 [Scenedesmus sp. PABB004]	QAXK01002579.1_17292-15497
OG0001895	KAF8072804.1 N-acetyl-gamma-glutamyl-phosphate reductase [Scenedesmus sp. PABB004]	QAXK01016971.1_2990-681
OG0001898	KAF8065745.1 cid14 [Scenedesmus sp. PABB004]	QAXK01001156.1_3180-1500
OG0001900	KAF8065707.1 UFD1 [Scenedesmus sp. PABB004]	QAXK01009399.1_423-2536
OG0001902	KAF8064558.1 ADK1 [Scenedesmus sp. PABB004]	QAXK01008314.1_4813-7042
OG0001907	KAF8066203.1 GCN5 [Scenedesmus sp. PABB004]	QAXK01003345.1_36704-34696
OG0001911	KAF8061953.1 ALG11 [Scenedesmus sp. PABB004]	QAXK01003378.1_5209-366
OG0001915	KAF8068311.1 UVR8 [Scenedesmus sp. PABB004]	QAXK01004688.1_3441-5908
OG0001916	KAF8059367.1 radA [Scenedesmus sp. PABB004]	QAXK01001344.1_15728-16873
OG0001917	KAF8058477.1 hypothetical protein HT031_005601 [Scenedesmus sp. PABB004]	QAXK01010657.1_2437-238
OG0001918	KAF8058943.1 WIN1 [Scenedesmus sp. PABB004]	QAXK01003671.1_14459-17304
OG0001919	KAF8065525.1 VAT1 [Scenedesmus sp. PABB004]	QAXK01001468.1_4935-8852
OG0001920	KAF8063750.1 CYP57 [Scenedesmus sp. PABB004]	QAXK01000770.1_6276-4831
OG0001921	KAF8057284.1 VHA-d1 [Scenedesmus sp. PABB004]	QAXK01004635.1_12023-13891
OG0001922	KAF8058864.1 KIN14I [Scenedesmus sp. PABB004]	QAXK01011133.1_12839-6837
OG0001928	KAF8055326.1 TYRAAT2 [Scenedesmus sp. PABB004]	QAXK01003150.1_16472-17917
OG0001931	KAF8056778.1 RPL4A [Scenedesmus sp. PABB004]	QAXK01002575.1_2869-493
OG0001934	KAF8054874.1 rcc2 [Scenedesmus sp. PABB004]	QAXK01001681.1_35798-38541
OG0001935	KAF8073190.1 NADH dehydrogenase [ubiquinone] iron-sulfur protein 8-B [Scenedesmus sp. PABB004]	QAXK01001208.1_4428-3497
OG0001936	KAF8067138.1 MPT3 [Scenedesmus sp. PABB004]	QAXK01000947.1_9658-8064
OG0001937	KAF8066321.1 RIOK1 [Scenedesmus sp. PABB004]	QAXK01002895.1_11877-8991
OG0001943	KAF8066282.1 ERF1-3 [Scenedesmus sp. PABB004]	QAXK01001495.1_35130-32135
OG0001945	KAF8072859.1 PCH2 [Scenedesmus sp. PABB004]	QAXK01006788.1_3504-1107
OG0001946	KAF8066259.1 coatomer subunit epsilon-1 [Scenedesmus sp. PABB004]	QAXK01006196.1_6560-8156
OG0001947	KAF8066270.1 leucine--tRNA ligase [Scenedesmus sp. PABB004]	QAXK01001881.1_90892-88031
OG0001951	KAF8063060.1 RPS18 [Scenedesmus sp. PABB004]	QAXK01010684.1_1460-556
OG0001952	KAF8059204.1 RPN3A [Scenedesmus sp. PABB004]	QAXK01001616.1_0-2161
OG0001953	KAF8064479.1 TAD3 [Scenedesmus sp. PABB004]	QAXK01001871.1_8489-9868
OG0001954	KAF8061094.1 Mettl6 [Scenedesmus sp. PABB004]	QAXK01014389.1_130-668
OG0001956	KAF8060602.1 glycine--tRNA ligase [Scenedesmus sp. PABB004]	QAXK01004150.1_9770-14859
OG0001958	KAF8058871.1 APX6 [Scenedesmus sp. PABB004]	QAXK01007010.1_8318-9471
OG0001960	KAF8055477.1 PRP19 [Scenedesmus sp. PABB004]	QAXK01005538.1_9255-7797
OG0001961	KAF8057144.1 EDD1 [Scenedesmus sp. PABB004]	QAXK01009093.1_4766-1793
OG0001966	KAF8068390.1 Ataxin-3-like protein [Scenedesmus sp. PABB004]	QAXK01016188.1_2666-4256
OG0001967	KAF8066416.1 RPS15 [Scenedesmus sp. PABB004]	QAXK01000446.1_47170-46172
OG0001969	KAF8069438.1 NBP35 [Scenedesmus sp. PABB004]	QAXK01002063.1_20394-18703
OG0001970	KAF8065762.1 hypothetical protein HT031_002822 [Scenedesmus sp. PABB004]	QAXK01001186.1_3380-493
OG0001973	KAF8064489.1 4-hydroxyphenylpyruvate dioxygenase [Scenedesmus sp. PABB004]	QAXK01000335.1_27471-29404
OG0001979	KAF8071264.1 NOP5-2 [Scenedesmus sp. PABB004]	QAXK01001265.1_1827-4399
OG0001980	KAF8072498.1 VHA-H [Scenedesmus sp. PABB004]	QAXK01003309.1_3370-103
OG0001986	KAF8057253.1 MPK15 [Scenedesmus sp. PABB004]	QAXK01000295.1_10054-5194
OG0001991	KAF8066272.1 ADIPOR3 [Scenedesmus sp. PABB004]	QAXK01002862.1_2144-4831
OG0001993	KAF8063703.1 hypothetical protein HT031_003558 [Scenedesmus sp. PABB004]	QAXK01002212.1_3400-1645
OG0001995	KAF8056751.1 hypothetical protein HT031_006249 [Scenedesmus sp. PABB004]	QAXK01014184.1_2136-4076
OG0001996	KAF8060091.1 hypothetical protein HT031_005030 [Scenedesmus sp. PABB004]	QAXK01001275.1_1545-3783
OG0001998	KAF8063107.1 CPI1 [Scenedesmus sp. PABB004]	QAXK01000407.1_9246-10753
OG0001999	KAF8067383.1 ndor1 [Scenedesmus sp. PABB004]	QAXK01001060.1_158-4769
OG0002000	KAF8059384.1 HISN4 [Scenedesmus sp. PABB004]	QAXK01003280.1_21069-16498
OG0002001	KAF8067363.1 LIMR family protein [Scenedesmus sp. PABB004]	QAXK01007038.1_3322-7876
OG0002003	KAF8072720.1 hypothetical protein HT031_000380 [Scenedesmus sp. PABB004]	QAXK01002652.1_3797-1393
OG0002004	KAF8056259.1 MEMB11 [Scenedesmus sp. PABB004]	QAXK01012829.1_4377-6139
OG0002005	KAF8065524.1 zZinc finger CCCH domain-containing protein 1 [Scenedesmus sp. PABB004]	QAXK01004007.1_7633-6740
OG0002006	KAF8056119.1 LHCB5 [Scenedesmus sp. PABB004]	QAXK01000137.1_21575-22932
OG0002007	KAF8072350.1 hypothetical protein HT031_000009 [Scenedesmus sp. PABB004]	QAXK01009439.1_10946-16439
OG0002008	KAF8067369.1 ATJ6 [Scenedesmus sp. PABB004]	QAXK01000685.1_2507-3830
OG0002010	KAF8060327.1 NFYB3 [Scenedesmus sp. PABB004]	QAXK01004465.1_1413-1889
OG0002011	KAF8056378.1 V-type proton ATPase subunit B 1 [Scenedesmus sp. PABB004]	QAXK01008697.1_3621-1
OG0002012	KAF8072389.1 RCH2 [Scenedesmus sp. PABB004]	QAXK01008479.1_22-1572
OG0002013	KAF8065658.1 HCC1 [Scenedesmus sp. PABB004]	QAXK01000704.1_865-2353
OG0002014	KAF8059380.1 Rbm28 [Scenedesmus sp. PABB004]	QAXK01001731.1_8237-12954
OG0002015	KAF8062756.1 P5CSB [Scenedesmus sp. PABB004]	QAXK01001095.1_1607-5427
OG0002018	KAF8058441.1 ACX1.2 [Scenedesmus sp. PABB004]	QAXK01000579.1_6879-2831
OG0002023	KAF8060530.1 RPS5 [Scenedesmus sp. PABB004]	QAXK01004467.1_4446-2978
OG0002024	KAF8069364.1 TRAF1A [Scenedesmus sp. PABB004]	QAXK01007476.1_6843-3464
OG0002026	KAF8067128.1 STIPL1 [Scenedesmus sp. PABB004]	QAXK01000116.1_15959-12419
OG0002027	KAF8063014.1 APT4 [Scenedesmus sp. PABB004]	QAXK01000153.1_10025-9224
OG0002028	KAF8063704.1 RPN1B [Scenedesmus sp. PABB004]	QAXK01001007.1_9576-3460
OG0002029	KAF8071269.1 actin [Scenedesmus sp. PABB004]	QAXK01001726.1_9416-10685
OG0002032	KAF8057143.1 ARC5 [Scenedesmus sp. PABB004]	QAXK01018007.1_11683-5307
OG0002035	KAF8056369.1 TOP2 [Scenedesmus sp. PABB004]	QAXK01001162.1_4704-11654
OG0002036	KAF8070921.1 Nucleolar complex protein 2 [Scenedesmus sp. PABB004]	QAXK01003552.1_4945-952
OG0002040	KAF8070980.1 ilvD [Scenedesmus sp. PABB004]	QAXK01004862.1_20323-24029
OG0002043	KAF8057260.1 DPB2 [Scenedesmus sp. PABB004]	QAXK01000495.1_11359-8819
OG0002046	KAF8056217.1 40S ribosomal protein SA [Scenedesmus sp. PABB004]	QAXK01003370.1_5253-2449
OG0002049	KAF8065921.1 MRE11 [Scenedesmus sp. PABB004]	QAXK01004800.1_3523-170
OG0002051	KAF8073028.1 NOP56 [Scenedesmus sp. PABB004]	QAXK01005999.1_9988-12832
OG0002063	KAF8069404.1 hypothetical protein HT031_001519 [Scenedesmus sp. PABB004]	QAXK01001387.1_26607-27895
OG0002070	KAF8072416.1 hypothetical protein HT031_000075 [Scenedesmus sp. PABB004], KAF8070884.1 DEAD-box ATP-dependent RNA helicase 7 [Scenedesmus sp. PABB004]	QAXK01003882.1_7725-3343
OG0002072	KAF8063031.1 hypothetical protein HT031_003870 [Scenedesmus sp. PABB004]	QAXK01000401.1_8251-6577
OG0002073	KAF8061352.1 DGAT1-2 [Scenedesmus sp. PABB004]	QAXK01011684.1_2005-861
OG0002074	KAF8071165.1 rlp24 [Scenedesmus sp. PABB004]	QAXK01005165.1_9870-10888
OG0002075	KAF8064501.1 IPS2 [Scenedesmus sp. PABB004]	QAXK01000112.1_21457-19158
OG0002080	KAF8057879.1 Bifunctional aspartate aminotransferase and glutamate/aspartate-prephenate aminotransferase [Scenedesmus sp. PABB004]	QAXK01005319.1_1852-5123
OG0002081	KAF8062673.1 dph1 [Scenedesmus sp. PABB004]	QAXK01000024.1_6845-4701
OG0002082	KAF8073259.1 PAD1 [Scenedesmus sp. PABB004]	QAXK01003767.1_15037-16578
OG0002086	KAF8060584.1 hypothetical protein HT031_004761 [Scenedesmus sp. PABB004], KAF8057895.1 hypothetical protein HT031_005841 [Scenedesmus sp. PABB004]	QAXK01000416.1_236-1468
OG0002088	KAF8063074.1 CRNKL1 [Scenedesmus sp. PABB004]	QAXK01004430.1_4845-10525
OG0002090	KAF8062974.1 PAG1 [Scenedesmus sp. PABB004]	QAXK01000004.1_10133-7859
OG0002092	KAF8065501.1 SPB1 [Scenedesmus sp. PABB004]	QAXK01001415.1_8205-13561
OG0002095	KAF8064483.1 PAE1 [Scenedesmus sp. PABB004]	QAXK01000224.1_15148-12485
OG0002103	KAF8061385.1 Acad10 [Scenedesmus sp. PABB004]	QAXK01000770.1_6581-10685
OG0002105	KAF8070927.1 RPL11 [Scenedesmus sp. PABB004]	QAXK01018040.1_3609-5929
OG0002110	KAF8061119.1 XPB2 [Scenedesmus sp. PABB004]	QAXK01007447.1_7916-1145
OG0002111	KAF8069648.1 bfr2 [Scenedesmus sp. PABB004]	QAXK01013514.1_9351-7632
OG0002112	KAF8063095.1 RPL27 [Scenedesmus sp. PABB004]	QAXK01015359.1_10390-8068
OG0002120	KAF8065824.1 COG5 [Scenedesmus sp. PABB004]	QAXK01005023.1_11393-17094
OG0002122	KAF8072943.1 ERD2B [Scenedesmus sp. PABB004]	QAXK01010373.1_8651-6830
OG0002123	KAF8058326.1 gloB [Scenedesmus sp. PABB004]	QAXK01000700.1_5491-3572
OG0002124	KAF8065613.1 OBGC1 [Scenedesmus sp. PABB004]	QAXK01004007.1_8647-10727
OG0002127	KAF8058480.1 VHA-C [Scenedesmus sp. PABB004]	QAXK01001495.1_27698-29888
OG0002128	KAF8066347.1 RH21 [Scenedesmus sp. PABB004]	QAXK01002518.1_56-2855
OG0002131	KAF8056229.1 Sf3b6 [Scenedesmus sp. PABB004]	QAXK01001894.1_15083-15978
OG0002132	KAF8055036.1 SPAC8C9.12c [Scenedesmus sp. PABB004]	QAXK01009974.1_15390-17483
OG0002134	KAF8058451.1 GLYR2 [Scenedesmus sp. PABB004]	QAXK01000252.1_16687-14824
OG0002138	KAF8055750.1 CNB1 [Scenedesmus sp. PABB004]	QAXK01015692.1_7967-6370
OG0002139	KAF8065433.1 RPL10A [Scenedesmus sp. PABB004]	QAXK01003183.1_18810-17365
OG0002141	KAF8060546.1 RPL6 [Scenedesmus sp. PABB004]	QAXK01004474.1_7154-5648
OG0002142	KAF8055598.1 SYP52 [Scenedesmus sp. PABB004]	QAXK01011512.1_2962-4685
OG0002144	KAF8060568.1 MTPC4 [Scenedesmus sp. PABB004]	QAXK01000452.1_14665-16837
OG0002145	KAF8069425.1 CLPP5 [Scenedesmus sp. PABB004]	QAXK01000208.1_15729-14120
OG0002146	KAF8072685.1 NADP-dependent 3-hydroxy acid dehydrogenase [Scenedesmus sp. PABB004]	QAXK01014393.1_10002-7696
OG0002147	KAF8072848.1 rplM [Scenedesmus sp. PABB004]	QAXK01000383.1_6224-8512
OG0002149	KAF8071262.1 hypothetical protein HT031_001345 [Scenedesmus sp. PABB004]	QAXK01007800.1_664-2473
OG0002153	KAF8063799.1 VPS2.1 [Scenedesmus sp. PABB004]	QAXK01004231.1_9560-10863
OG0002154	KAF8066170.1 VTC5 [Scenedesmus sp. PABB004]	QAXK01001673.1_7134-5531
OG0002158	KAF8059986.1 STA1 [Scenedesmus sp. PABB004]	QAXK01000427.1_69010-61523
OG0002159	KAF8067321.1 Phosphatidylinositol 3-kinase [Scenedesmus sp. PABB004]	QAXK01001947.1_6933-16171
OG0002161	KAF8058319.1 ASA1 [Scenedesmus sp. PABB004]	QAXK01000667.1_5631-9231
OG0002162	KAF8065432.1 RPL5 [Scenedesmus sp. PABB004]	QAXK01001956.1_6721-5102
OG0002163	KAF8070905.1 COG8 [Scenedesmus sp. PABB004]	QAXK01000249.1_23024-26432
OG0002165	KAF8064499.1 DPE1 [Scenedesmus sp. PABB004]	QAXK01004616.1_9420-16745
OG0002167	KAF8063855.1 TFIIAy [Scenedesmus sp. PABB004]	QAXK01011260.1_4573-3532
OG0002169	KAF8071218.1 TIF3A1 [Scenedesmus sp. PABB004]	QAXK01012387.1_1585-757
OG0002171	KAF8062674.1 hypothetical protein HT031_004003 [Scenedesmus sp. PABB004]	QAXK01000446.1_58269-64323
OG0002172	KAF8060617.1 RPL32A [Scenedesmus sp. PABB004]	QAXK01012305.1_2510-4620
OG0002173	KAF8072928.1 SKD1 [Scenedesmus sp. PABB004]	QAXK01000596.1_14630-16935
OG0002175	KAF8057119.1 diphthine methyl ester synthase [Scenedesmus sp. PABB004]	QAXK01001681.1_26607-28630
OG0002176	KAF8069474.1 COX10 [Scenedesmus sp. PABB004]	QAXK01006378.1_6447-7421
OG0002177	KAF8069441.1 KPNB1 [Scenedesmus sp. PABB004]	QAXK01001458.1_24314-19030
OG0002179	KAF8062947.1 MOS4 [Scenedesmus sp. PABB004]	QAXK01000816.1_3651-1777
OG0002180	KAF8072777.1 trappc5 [Scenedesmus sp. PABB004]	QAXK01013408.1_2179-3352
OG0002181	KAF8072593.1 transcriptional regulatory protein [Scenedesmus sp. PABB004]	QAXK01001085.1_14460-16185
OG0002182	KAF8072565.1 putative Golgi aparatus membrane protein [Scenedesmus sp. PABB004]	QAXK01011403.1_8648-10184
OG0002185	KAF8068376.1 RPL4 [Scenedesmus sp. PABB004]	QAXK01004305.1_1287-2625
OG0002187	KAF8061363.1 ARL3 [Scenedesmus sp. PABB004], KAF8056386.1 ARL2 [Scenedesmus sp. PABB004]	QAXK01008561.1_1927-3583
OG0002195	KAF8056245.1 hypothetical protein HT031_006433 [Scenedesmus sp. PABB004]	QAXK01004230.1_16730-15188
OG0002201	KAF8071116.1 DCAF13 [Scenedesmus sp. PABB004]	QAXK01010560.1_4646-7806
OG0002203	KAF8062935.1 PDR2 [Scenedesmus sp. PABB004]	QAXK01002836.1_26336-33102
OG0002205	KAF8056234.1 CAF1-7 [Scenedesmus sp. PABB004]	QAXK01006533.1_2359-4576
OG0002206	KAF8072655.1 TGD1 [Scenedesmus sp. PABB004]	QAXK01001756.1_16985-18889
OG0002211	KAF8072888.1 hypothetical protein HT031_000548 [Scenedesmus sp. PABB004]	QAXK01002337.1_17192-14208
OG0002212	KAF8057738.1 hypothetical protein HT031_005922 [Scenedesmus sp. PABB004]	QAXK01004985.1_1921-3702
OG0002214	KAF8062016.1 hypothetical protein HT031_004276 [Scenedesmus sp. PABB004]	QAXK01004099.1_10602-7616
OG0002216	KAF8056147.1 Eif2d [Scenedesmus sp. PABB004]	QAXK01008333.1_5211-755
OG0002218	KAF8071155.1 RH17 [Scenedesmus sp. PABB004]	QAXK01008568.1_4370-1172
OG0002219	KAF8072607.1 hypothetical protein HT031_000267 [Scenedesmus sp. PABB004]	QAXK01000926.1_8546-11734
OG0002221	KAF8057275.1 hypothetical protein HT031_006083 [Scenedesmus sp. PABB004]	QAXK01000669.1_13732-11344
OG0002223	KAF8072731.1 P23-1 [Scenedesmus sp. PABB004]	QAXK01002445.1_7314-8396
OG0002227	KAF8059459.1 purF [Scenedesmus sp. PABB004]	QAXK01002658.1_19503-16448
OG0002228	KAF8072433.1 FCF1 [Scenedesmus sp. PABB004]	QAXK01005657.1_4133-2964
OG0002229	KAF8072432.1 mrd1 [Scenedesmus sp. PABB004]	QAXK01012523.1_554-5993
OG0002231	KAF8073249.1 PLP3B [Scenedesmus sp. PABB004]	QAXK01000465.1_13752-12830
OG0002232	KAF8060563.1 DBR1 [Scenedesmus sp. PABB004]	QAXK01003345.1_4291-6594
OG0002233	KAF8062991.1 hypothetical protein HT031_003830 [Scenedesmus sp. PABB004]	QAXK01000437.1_11961-16259
OG0002235	KAF8072765.1 Brix domain-containing protein [Scenedesmus sp. PABB004]	QAXK01001803.1_9702-7639
OG0002238	KAF8061118.1 RPN7 [Scenedesmus sp. PABB004]	QAXK01001182.1_10605-8247
OG0002241	KAF8063681.1 RPS14 [Scenedesmus sp. PABB004]	QAXK01018825.1_5368-4150
OG0002243	KAF8062710.1 ctps [Scenedesmus sp. PABB004]	QAXK01000459.1_16579-20716
OG0002246	KAF8057251.1 TIC56 [Scenedesmus sp. PABB004]	QAXK01004963.1_17662-16561
OG0002250	KAF8066267.1 G patch domain-containing protein [Scenedesmus sp. PABB004]	QAXK01009768.1_6744-3068
OG0002257	KAF8072773.1 RCL1 [Scenedesmus sp. PABB004]	QAXK01003840.1_2463-275
OG0002262	KAF8069620.1 RANGAP1 [Scenedesmus sp. PABB004]	QAXK01009985.1_8201-11435
OG0002280	KAF8068425.1 UTR3 [Scenedesmus sp. PABB004]	QAXK01000180.1_9982-8131
OG0002282	KAF8065811.1 TL20.3 [Scenedesmus sp. PABB004]	QAXK01000502.1_36980-37941
OG0002374	KAF8055123.1 MST4 [Scenedesmus sp. PABB004]	QAXK01003443.1_1888-4145
OG0002375	KAF8055122.1 menG [Scenedesmus sp. PABB004]	QAXK01000611.1_344-2643
OG0002391	KAF8072761.1 C27H6.8 [Scenedesmus sp. PABB004]	QAXK01001032.1_529-3021
OG0002392	KAF8071229.1 COPZ2 [Scenedesmus sp. PABB004]	QAXK01004092.1_39419-40407
OG0002400	KAF8067216.1 rxt3 [Scenedesmus sp. PABB004]	QAXK01009758.1_1852-165
OG0002407	KAF8062758.1 MON1 [Scenedesmus sp. PABB004]	QAXK01002424.1_5771-2597
OG0002409	KAF8060028.1 hypothetical protein HT031_004966 [Scenedesmus sp. PABB004]	QAXK01003096.1_14696-17609
OG0002410	KAF8057672.1 Chlorophyll a-b binding protein of LHCII type I [Scenedesmus sp. PABB004]	QAXK01000328.1_7305-8962
OG0002415	KAF8059200.1 hypothetical protein HT031_005372 [Scenedesmus sp. PABB004]	QAXK01018530.1_1173-3834
OG0002417	KAF8064540.1 thiamine diphosphate carrier 2 [Scenedesmus sp. PABB004]	QAXK01014946.1_5937-4091
OG0002424	KAF8065883.1 Aasdhppt [Scenedesmus sp. PABB004]	QAXK01004230.1_13015-11861
OG0002429	KAF8058405.1 U6 snRNA-associated Sm-like protein LSm4 [Scenedesmus sp. PABB004]	QAXK01018188.1_2713-2029
OG0002433	KAF8056445.1 Slc25a38 [Scenedesmus sp. PABB004]	QAXK01010016.1_2591-4898
OG0002435	KAF8056261.1 DBP3 [Scenedesmus sp. PABB004]	QAXK01006642.1_4903-8475
OG0002439	KAF8072970.1 Carn [Scenedesmus sp. PABB004]	QAXK01006012.1_4611-6378
OG0002441	KAF8063831.1 purC [Scenedesmus sp. PABB004]	QAXK01000523.1_8909-7053
OG0002451	KAF8069479.1 NIFU5 [Scenedesmus sp. PABB004]	QAXK01000979.1_11011-9108
OG0002461	KAF8062968.1 PEX2 [Scenedesmus sp. PABB004]	QAXK01008372.1_4504-1777
OG0002470	KAF8058109.1 SURF1 [Scenedesmus sp. PABB004]	QAXK01004760.1_349-2010
OG0002473	KAF8064607.1 SEN1 [Scenedesmus sp. PABB004]	QAXK01005580.1_145-5612
OG0002489	KAF8072414.1 Alg14 [Scenedesmus sp. PABB004]	QAXK01011332.1_7730-6306
OG0002490	KAF8055723.1 utp15 [Scenedesmus sp. PABB004]	QAXK01005493.1_5709-8739
OG0002491	KAF8070972.1 AP4M [Scenedesmus sp. PABB004]	QAXK01001982.1_13111-9273
OG0002493	KAF8060506.1 ubiquinone biosynthesis protein COQ4 [Scenedesmus sp. PABB004]	QAXK01003356.1_3976-6343
OG0002502	KAF8055089.1 NAA15 [Scenedesmus sp. PABB004]	QAXK01004701.1_7826-2022
OG0002509	KAF8055989.1 LA1 [Scenedesmus sp. PABB004]	QAXK01002072.1_7784-4601
OG0002525	KAF8057751.1 DIM1A [Scenedesmus sp. PABB004]	QAXK01004000.1_12088-10081
OG0002540	KAF8064619.1 ytfP [Scenedesmus sp. PABB004]	QAXK01000802.1_2542-6601
OG0002551	KAF8068349.1 CYP59 [Scenedesmus sp. PABB004]	QAXK01000484.1_4718-2307
OG0002552	KAF8072806.1 jmj4 [Scenedesmus sp. PABB004]	QAXK01001169.1_7647-4609
OG0002561	KAF8056756.1 TOM40-2 [Scenedesmus sp. PABB004]	QAXK01000325.1_52702-51360
OG0002563	KAF8058445.1 hypothetical protein HT031_005569 [Scenedesmus sp. PABB004]	QAXK01010777.1_196-929
OG0002569	KAF8073008.1 Gtpbp1 [Scenedesmus sp. PABB004]	QAXK01008095.1_6073-1465
OG0002570	KAF8065911.1 hypothetical protein HT031_002972 [Scenedesmus sp. PABB004]	QAXK01004879.1_5868-4307
OG0002572	KAF8054985.1 MTX1 [Scenedesmus sp. PABB004]	QAXK01003017.1_10269-9177
OG0002578	KAF8072451.1 hypothetical protein HT031_000110 [Scenedesmus sp. PABB004]	QAXK01006849.1_22455-23625
OG0002587	KAF8071048.1 ADT2 [Scenedesmus sp. PABB004]	QAXK01003879.1_1866-205
OG0002601	KAF8058878.1 IMP3 [Scenedesmus sp. PABB004]	QAXK01013188.1_5354-2685
OG0002604	KAF8059368.1 hypothetical protein HT031_005173 [Scenedesmus sp. PABB004]	QAXK01003755.1_5170-9460
OG0002608	KAF8059099.1 OTU7 [Scenedesmus sp. PABB004]	QAXK01001306.1_3606-5501
OG0002610	KAF8062004.1 queuosine salvage protein [Scenedesmus sp. PABB004]	QAXK01006881.1_2636-4947
OG0002611	KAF8067410.1 MAK3 [Scenedesmus sp. PABB004]	QAXK01008206.1_13328-14330
OG0002615	KAF8062711.1 HCS2 [Scenedesmus sp. PABB004]	QAXK01018285.1_3833-2399
OG0002627	KAF8060330.1 PYRB2 [Scenedesmus sp. PABB004]	QAXK01000679.1_20862-23970
OG0002632	KAF8068334.1 KPHMT2 [Scenedesmus sp. PABB004]	QAXK01000208.1_858-3327
OG0002633	KAF8060507.1 nog-1 [Scenedesmus sp. PABB004]	QAXK01015735.1_789-3208
OG0002634	KAF8056393.1 rsmH [Scenedesmus sp. PABB004]	QAXK01005319.1_15043-16886
OG0002641	KAF8057766.1 SWC6 [Scenedesmus sp. PABB004]	QAXK01001768.1_11195-11945
OG0002642	KAF8056341.1 Enoyl-[acyl-carrier-protein] reductase [NADH] [Scenedesmus sp. PABB004]	QAXK01002348.1_6292-8730
OG0002657	KAF8072817.1 TOR1A [Scenedesmus sp. PABB004]	QAXK01001396.1_8898-9977
OG0002670	KAF8061942.1 SPAC3H5.08c [Scenedesmus sp. PABB004]	QAXK01006673.1_15764-13631
OG0002674	KAF8071174.1 pip [Scenedesmus sp. PABB004]	QAXK01009777.1_8817-6577
OG0002680	KAF8056753.1 hypothetical protein HT031_006251 [Scenedesmus sp. PABB004]	QAXK01002348.1_28743-27471
OG0002684	KAF8069611.1 UTP23 [Scenedesmus sp. PABB004]	QAXK01009099.1_14211-12777
OG0002691	KAF8065819.1 nt5c2 [Scenedesmus sp. PABB004]	QAXK01017025.1_286-4417
OG0002692	KAF8067217.1 hypothetical protein HT031_002264 [Scenedesmus sp. PABB004]	QAXK01018733.1_2749-2003
OG0002693	KAF8066303.1 hypothetical protein HT031_002626 [Scenedesmus sp. PABB004]	QAXK01001086.1_9229-7556
OG0002695	KAF8064599.1 WDR20 [Scenedesmus sp. PABB004]	QAXK01007477.1_3698-5226
OG0002710	KAF8061997.1 RAPTOR1 [Scenedesmus sp. PABB004]	QAXK01005359.1_3667-6796
OG0002711	KAF8066324.1 CDA1 [Scenedesmus sp. PABB004]	QAXK01000142.1_2803-4675
OG0002714	KAF8067415.1 CKB4 [Scenedesmus sp. PABB004]	QAXK01008206.1_4068-2028
OG0002723	KAF8057864.1 RPOT1-TOM [Scenedesmus sp. PABB004]	QAXK01001735.1_19259-17991
OG0002725	KAF8073138.1 FAS4 [Scenedesmus sp. PABB004]	QAXK01014870.1_4125-17
OG0002728	KAF8067313.1 TOP1B [Scenedesmus sp. PABB004]	QAXK01001551.1_13518-17077
OG0002729	KAF8064543.1 PSL5 [Scenedesmus sp. PABB004]	QAXK01006977.1_27647-33279
OG0002737	KAF8069460.1 HISN3 [Scenedesmus sp. PABB004]	QAXK01003565.1_11016-9575
OG0002740	KAF8072627.1 Naa50 [Scenedesmus sp. PABB004]	QAXK01008073.1_769-1809
OG0002747	KAF8061904.1 RH16 [Scenedesmus sp. PABB004]	QAXK01003905.1_20331-25213
OG0002748	KAF8063667.1 PIS1 [Scenedesmus sp. PABB004]	QAXK01006264.1_6024-5189
OG0002758	KAF8065434.1 hypothetical protein HT031_003034 [Scenedesmus sp. PABB004]	QAXK01000240.1_34950-34312
OG0002761	KAF8072795.1 PYR5-6 [Scenedesmus sp. PABB004]	QAXK01001947.1_20720-25947
OG0002768	KAF8061984.1 hypothetical protein HT031_004244 [Scenedesmus sp. PABB004]	QAXK01003475.1_1733-1302
OG0002771	KAF8058443.1 PAT1 [Scenedesmus sp. PABB004]	QAXK01011921.1_1066-3701
OG0002772	KAF8061985.1 RTF2 [Scenedesmus sp. PABB004]	QAXK01003475.1_2682-4175
OG0002773	KAF8061120.1 hypothetical protein HT031_004581 [Scenedesmus sp. PABB004]	QAXK01017743.1_4283-978
OG0002777	KAF8071026.1 mecr [Scenedesmus sp. PABB004]	QAXK01014000.1_19150-23189
OG0002778	KAF8068453.1 PRP38 [Scenedesmus sp. PABB004]	QAXK01002678.1_2058-278
OG0002781	KAF8056255.1 UGP3 [Scenedesmus sp. PABB004]	QAXK01008309.1_4393-845
OG0002791	KAF8060323.1 hypothetical protein HT031_004859 [Scenedesmus sp. PABB004]	QAXK01006910.1_4587-4039
OG0002793	KAF8060559.1 SULTR2 [Scenedesmus sp. PABB004]	QAXK01003026.1_6033-13877
OG0002799	KAF8071156.1 emp24 domain-containing protein [Scenedesmus sp. PABB004]	QAXK01000454.1_923-1568
OG0002810	KAF8071029.1 SLC66A1 [Scenedesmus sp. PABB004]	QAXK01009911.1_30762-28414
OG0002812	KAF8066404.1 hypothetical protein HT031_002728 [Scenedesmus sp. PABB004]	QAXK01008556.1_5708-3352
OG0002818	KAF8064481.1 CYCT1-1 [Scenedesmus sp. PABB004]	QAXK01001221.1_1240-326
OG0002819	KAF8055647.1 VTE1 [Scenedesmus sp. PABB004]	QAXK01001402.1_3021-777
OG0002820	KAF8069466.1 COQ3 [Scenedesmus sp. PABB004]	QAXK01007101.1_2486-3500
OG0002821	KAF8069711.1 AP-1 complex subunit gamma-2 [Scenedesmus sp. PABB004]	QAXK01001240.1_4320-118
OG0002827	KAF8065667.1 ublcp1 [Scenedesmus sp. PABB004]	QAXK01001575.1_9213-11802
OG0002829	KAF8072474.1 Rngtt [Scenedesmus sp. PABB004]	QAXK01008464.1_4921-314
OG0002831	KAF8065555.1 eukaryotic translation initiation factor 2 subunit alpha [Scenedesmus sp. PABB004]	QAXK01009471.1_2975-111
OG0002842	KAF8069428.1 RL36 [Scenedesmus sp. PABB004]	QAXK01002063.1_17610-18209
OG0002848	KAF8070870.1 RSL1D1 [Scenedesmus sp. PABB004]	QAXK01011190.1_3792-5177
OG0002852	KAF8072381.1 Histidine methyltransferase 1-like protein [Scenedesmus sp. PABB004]	QAXK01002795.1_1894-3499
OG0002853	KAF8066283.1 NUDT2 [Scenedesmus sp. PABB004]	QAXK01006222.1_6005-7514
OG0002854	KAF8068338.1 WAT1-related protein [Scenedesmus sp. PABB004]	QAXK01000274.1_4441-2040
OG0002861	KAF8057857.1 Glycerol-3-phosphate acyltransferase [Scenedesmus sp. PABB004]	QAXK01000336.1_29701-28621
OG0002871	KAF8056473.1 Ttc1 [Scenedesmus sp. PABB004]	QAXK01001665.1_2326-3883
OG0002877	KAF8071095.1 GRXS7 [Scenedesmus sp. PABB004]	QAXK01001383.1_16600-17459
OG0002889	KAF8072959.1 HLB1 [Scenedesmus sp. PABB004]	QAXK01014533.1_1995-3733
OG0002890	KAF8068405.1 BOLA4 [Scenedesmus sp. PABB004]	QAXK01012468.1_6191-5064
OG0002892	KAF8067414.1 hypothetical protein HT031_002462 [Scenedesmus sp. PABB004]	QAXK01004675.1_1944-4753
OG0002895	KAF8057246.1 PUS3 [Scenedesmus sp. PABB004]	QAXK01006273.1_11056-8644
OG0002903	KAF8069712.1 CCDA2 [Scenedesmus sp. PABB004]	QAXK01008701.1_3697-2030
OG0002915	KAF8057727.1 r [Scenedesmus sp. PABB004]	QAXK01000080.1_1794-5623
OG0002916	KAF8068210.1 zinc finger CCCH domain-containing protein 56 [Scenedesmus sp. PABB004]	QAXK01010627.1_8219-6389
OG0002918	KAF8058134.1 sart3 [Scenedesmus sp. PABB004]	QAXK01005102.1_8833-5901
OG0002938	KAF8054758.1 nctA [Scenedesmus sp. PABB004], KAF8072344.1 nctA [Scenedesmus sp. PABB004]	QAXK01014057.1_8141-7852
OG0002940	KAF8061906.1 NADH dehydrogenase [ubiquinone] 1 alpha subcomplex subunit 8-A [Scenedesmus sp. PABB004]	QAXK01000147.1_17903-18595
OG0002946	KAF8055387.1 WDR36 [Scenedesmus sp. PABB004]	QAXK01002261.1_40148-34742
OG0002948	KAF8066312.1 MINDY1 [Scenedesmus sp. PABB004]	QAXK01005661.1_3614-5576
OG0002955	KAF8072405.1 U2 small nuclear ribonucleoprotein A-like protein [Scenedesmus sp. PABB004]	QAXK01003496.1_4117-1328
OG0002962	KAF8072901.1 GDI2 [Scenedesmus sp. PABB004]	QAXK01002423.1_4870-1549
OG0002969	KAF8072814.1 yju2 [Scenedesmus sp. PABB004]	QAXK01007111.1_9724-10631
OG0002971	KAF8058833.1 L-lactate permease [Scenedesmus sp. PABB004]	QAXK01004485.1_1816-3388
OG0002974	KAF8059176.1 GPAT9 [Scenedesmus sp. PABB004]	QAXK01000635.1_9875-7571
OG0002988	KAF8062035.1 NDUFAF6 [Scenedesmus sp. PABB004]	QAXK01005019.1_7837-6195
OG0002996	KAF8071035.1 hypothetical protein HT031_001117 [Scenedesmus sp. PABB004]	QAXK01008356.1_1994-1323
OG0003000	KAF8056238.1 thioredoxin-like 2 [Scenedesmus sp. PABB004]	QAXK01018219.1_153-1479
OG0003006	KAF8072869.1 PEX7 [Scenedesmus sp. PABB004]	QAXK01009127.1_2830-5632
OG0003009	KAF8064666.1 pak1ip1 [Scenedesmus sp. PABB004]	QAXK01001726.1_8268-6818
OG0003015	KAF8071217.1 APC6 [Scenedesmus sp. PABB004]	QAXK01017394.1_3188-4
OG0003026	KAF8069683.1 Oxr1 [Scenedesmus sp. PABB004]	QAXK01001672.1_6564-5317
OG0003036	KAF8066255.1 ATG18B [Scenedesmus sp. PABB004]	QAXK01000724.1_14653-15848
OG0003041	KAF8063016.1 hypothetical protein HT031_003855 [Scenedesmus sp. PABB004]	QAXK01001704.1_7113-6556
OG0003042	KAF8059199.1 EMC1 [Scenedesmus sp. PABB004]	QAXK01014526.1_3534-6424
OG0003049	KAF8067188.1 CDS2 [Scenedesmus sp. PABB004]	QAXK01005731.1_3330-6743
OG0003059	KAF8063774.1 AP-4 complex subunit sigma [Scenedesmus sp. PABB004]	QAXK01007133.1_7499-8797
OG0003064	KAF8072363.1 PPOX1 [Scenedesmus sp. PABB004]	QAXK01005457.1_8974-4681
OG0003068	KAF8072411.1 COX15 [Scenedesmus sp. PABB004]	QAXK01015536.1_9170-6903
OG0003087	KAF8062765.1 PAPS4 [Scenedesmus sp. PABB004]	QAXK01003513.1_13194-9646
OG0003091	KAF8069450.1 SPS1 [Scenedesmus sp. PABB004]	QAXK01014943.1_5708-4249
OG0003105	KAF8072604.1 U3 small nucleolar RNA-associated-like protein [Scenedesmus sp. PABB004]	QAXK01001158.1_6748-4261
OG0003107	KAF8062794.1 Dph7 [Scenedesmus sp. PABB004]	QAXK01014862.1_4087-1458
OG0003123	KAF8069580.1 PUR3 [Scenedesmus sp. PABB004]	QAXK01008567.1_4740-6650
OG0003125	KAF8069583.1 COQ5 [Scenedesmus sp. PABB004]	QAXK01001243.1_11567-10056
OG0003126	KAF8065543.1 IDA4 [Scenedesmus sp. PABB004]	QAXK01016483.1_12203-9679
OG0003127	KAF8062946.1 IPT9 [Scenedesmus sp. PABB004]	QAXK01017290.1_11269-8021
OG0003137	KAF8063033.1 eif2b2 [Scenedesmus sp. PABB004]	QAXK01001082.1_3989-724
OG0003142	KAF8059115.1 hypothetical protein HT031_005287 [Scenedesmus sp. PABB004]	QAXK01011367.1_1094-2688
OG0003148	KAF8055593.1 Tsr3 [Scenedesmus sp. PABB004]	QAXK01012193.1_12536-14034
OG0003149	KAF8069439.1 Hnrnph2 [Scenedesmus sp. PABB004]	QAXK01012663.1_1560-2913
OG0003152	KAF8063694.1 BOP1-like protein [Scenedesmus sp. PABB004]	QAXK01003852.1_5090-8561
OG0003157	KAF8061416.1 glrx3 [Scenedesmus sp. PABB004]	QAXK01018936.1_2-1001
OG0003160	KAF8061323.1 ARP6 [Scenedesmus sp. PABB004]	QAXK01000595.1_5567-8159
OG0003191	KAF8061308.1 WDR83 [Scenedesmus sp. PABB004]	QAXK01004389.1_4946-6334
OG0003196	KAF8061087.1 hypothetical protein HT031_004547 [Scenedesmus sp. PABB004]	QAXK01000596.1_17342-21595
OG0003197	KAF8064544.1 COG3 [Scenedesmus sp. PABB004]	QAXK01003298.1_5048-551
OG0003198	KAF8073149.1 RPN2B [Scenedesmus sp. PABB004]	QAXK01002898.1_4695-10345
OG0003204	KAF8069419.1 CPSF73-I [Scenedesmus sp. PABB004]	QAXK01006378.1_2719-127
OG0003209	KAF8063080.1 MCM8 [Scenedesmus sp. PABB004]	QAXK01011390.1_6757-10508
OG0003212	KAF8063768.1 hypothetical protein HT031_003625 [Scenedesmus sp. PABB004]	QAXK01003629.1_5946-3703
OG0003217	KAF8058048.1 rqcH [Scenedesmus sp. PABB004]	QAXK01017651.1_111-3535
OG0003218	KAF8062047.1 RPN8B [Scenedesmus sp. PABB004]	QAXK01003131.1_36278-34367
OG0003219	KAF8072890.1 PUX4 [Scenedesmus sp. PABB004]	QAXK01002499.1_5466-6313
OG0003220	KAF8060093.1 KCS4 [Scenedesmus sp. PABB004]	QAXK01004108.1_13829-15654
OG0003226	KAF8065563.1 Xab2 [Scenedesmus sp. PABB004]	QAXK01003220.1_8522-13953
OG0003227	KAF8062662.1 APP2 [Scenedesmus sp. PABB004]	QAXK01003375.1_5219-43
OG0003235	KAF8066371.1 hypothetical protein HT031_002695 [Scenedesmus sp. PABB004]	QAXK01014478.1_11654-8522
OG0003239	KAF8071019.1 dedA [Scenedesmus sp. PABB004]	QAXK01009911.1_3900-1880
OG0003243	KAF8058111.1 dhps [Scenedesmus sp. PABB004]	QAXK01012462.1_308-2720
OG0003245	KAF8067235.1 choline monooxygenase [Scenedesmus sp. PABB004]	QAXK01014831.1_1377-156
OG0003249	KAF8062915.1 rbpE [Scenedesmus sp. PABB004]	QAXK01001710.1_3704-3307
OG0003250	KAF8071175.1 SAP130B [Scenedesmus sp. PABB004]	QAXK01003319.1_3618-13354
OG0003251	KAF8061969.1 UVR3 [Scenedesmus sp. PABB004]	QAXK01015706.1_7236-11105
OG0003252	KAF8073069.1 ORC1A [Scenedesmus sp. PABB004]	QAXK01000655.1_17305-22319
OG0003253	KAF8055656.1 RPA1A [Scenedesmus sp. PABB004]	QAXK01000965.1_18464-16425
OG0003254	KAF8066326.1 damage-control phosphatase [Scenedesmus sp. PABB004]	QAXK01000983.1_27514-29192
OG0003255	KAF8069416.1 GST3 [Scenedesmus sp. PABB004]	QAXK01010066.1_5264-7166
OG0003256	KAF8062694.1 ypgQ [Scenedesmus sp. PABB004]	QAXK01014762.1_15208-13635
OG0003257	KAF8059434.1 NUDT12 [Scenedesmus sp. PABB004]	QAXK01001567.1_22308-20679
OG0003259	KAF8058435.1 RPL23A [Scenedesmus sp. PABB004]	QAXK01003400.1_3813-5064
OG0003363	KAF8067265.1 ABCI10 [Scenedesmus sp. PABB004]	QAXK01009044.1_6855-8605
OG0003365	KAF8059178.1 hypothetical protein HT031_005350 [Scenedesmus sp. PABB004]	QAXK01013436.1_3075-257
OG0003376	KAF8068286.1 PpiC domain-containing protein 12 [Scenedesmus sp. PABB004]	QAXK01015973.1_3186-2635
OG0003390	KAF8055115.1 ysgA [Scenedesmus sp. PABB004]	QAXK01002975.1_1945-3061
OG0003418	KAF8063064.1 hypothetical protein HT031_003903 [Scenedesmus sp. PABB004]	QAXK01004430.1_3720-2428
OG0003460	KAF8068447.1 xpo4 [Scenedesmus sp. PABB004]	QAXK01010334.1_16568-22208
OG0003465	KAF8064515.1 rplQ [Scenedesmus sp. PABB004]	QAXK01007075.1_15495-16375
OG0003509	KAF8059170.1 Trappc2 [Scenedesmus sp. PABB004]	QAXK01011852.1_1562-2354
OG0003601	KAF8063037.1 trappc6b [Scenedesmus sp. PABB004]	QAXK01016048.1_1933-545
OG0003644	KAF8056132.1 RAD23B [Scenedesmus sp. PABB004]	QAXK01008360.1_3542-5458
OG0003697	KAF8067263.1 RH22 [Scenedesmus sp. PABB004]	QAXK01004373.1_28195-25392
OG0003713	KAF8069418.1 TRM112B [Scenedesmus sp. PABB004]	QAXK01002432.1_4248-4930
OG0003755	KAF8069597.1 hypothetical protein HT031_001714 [Scenedesmus sp. PABB004]	QAXK01002565.1_12559-10828
OG0003771	KAF8065550.1 hypothetical protein HT031_003151 [Scenedesmus sp. PABB004]	QAXK01010052.1_3190-4640
OG0003784	KAF8056755.1 RPL24 [Scenedesmus sp. PABB004]	QAXK01007229.1_11545-10178
OG0003813	KAF8072573.1 OEP80 [Scenedesmus sp. PABB004]	QAXK01000036.1_13891-8955
OG0003826	KAF8071302.1 rnhB [Scenedesmus sp. PABB004]	QAXK01015643.1_1434-3404
OG0003841	KAF8072971.1 hypothetical protein HT031_000631 [Scenedesmus sp. PABB004]	QAXK01006012.1_2971-2223
OG0003944	KAF8058416.1 PITH domain-containing protein 1 [Scenedesmus sp. PABB004]	QAXK01005846.1_7514-8614
OG0003954	KAF8056133.1 Phosphopantetheine adenylyltransferase 1 [Scenedesmus sp. PABB004]	QAXK01004732.1_20335-21271
OG0003958	KAF8065586.1 EBP2 [Scenedesmus sp. PABB004]	QAXK01001698.1_16624-15571
OG0004131	KAF8060334.1 AAK6 [Scenedesmus sp. PABB004]	QAXK01008931.1_8768-10630
OG0004184	KAF8071085.1 thermostable carboxypeptidase 1 [Scenedesmus sp. PABB004]	QAXK01001360.1_2587-7675
OG0004221	KAF8055475.1 CYCB1-2 [Scenedesmus sp. PABB004]	QAXK01006710.1_2565-2167
OG0004222	KAF8066318.1 RPA3B [Scenedesmus sp. PABB004]	QAXK01017090.1_773-1260
OG0004223	KAF8072610.1 atxn10 [Scenedesmus sp. PABB004]	QAXK01019447.1_2073-2396
OG0004224	KAF8061418.1 hypothetical protein HT031_004509 [Scenedesmus sp. PABB004]	QAXK01003931.1_8204-3520
OG0004225	KAF8064640.1 FPS1 [Scenedesmus sp. PABB004]	QAXK01001471.1_7507-5855
OG0004226	KAF8055836.1 STR8 [Scenedesmus sp. PABB004], KAF8067347.1 PAP28 [Scenedesmus sp. PABB004]	QAXK01014810.1_5618-8818
OG0004228	KAF8062953.1 WDR12-like protein [Scenedesmus sp. PABB004]	QAXK01010701.1_10887-7922
OG0004229	KAF8061319.1 mnmE [Scenedesmus sp. PABB004]	QAXK01014803.1_67-2405
OG0004230	KAF8072686.1 DEGP8 [Scenedesmus sp. PABB004]	QAXK01004000.1_7642-5232
OG0004231	KAF8067427.1 TDA3 [Scenedesmus sp. PABB004]	QAXK01004677.1_1252-4060
OG0004232	KAF8061169.1 hypothetical protein HT031_004631 [Scenedesmus sp. PABB004]	QAXK01001218.1_22461-19740
OG0004234	KAF8060050.1 Sbds [Scenedesmus sp. PABB004]	QAXK01003347.1_1758-3582
OG0004235	KAF8068263.1 TAF6 [Scenedesmus sp. PABB004]	QAXK01003902.1_8341-5830
OG0004236	KAF8065856.1 hypothetical protein HT031_002916 [Scenedesmus sp. PABB004]	QAXK01008198.1_2951-5520
OG0004237	KAF8065522.1 rmt2 [Scenedesmus sp. PABB004]	QAXK01011268.1_2959-4791
OG0004238	KAF8072809.1 LRRC6 [Scenedesmus sp. PABB004]	QAXK01018044.1_1256-217
OG0004239	KAF8072643.1 DPH2 [Scenedesmus sp. PABB004]	QAXK01009544.1_7380-9706
OG0004240	KAF8070889.1 APC10 [Scenedesmus sp. PABB004]	QAXK01003572.1_4178-5128
OG0004241	KAF8065640.1 hypothetical protein HT031_003241 [Scenedesmus sp. PABB004]	QAXK01011839.1_9-1697
OG0004242	KAF8072886.1 Utp11 [Scenedesmus sp. PABB004]	QAXK01001749.1_8132-6905
OG0004243	KAF8057767.1 MTM1 [Scenedesmus sp. PABB004]	QAXK01010227.1_10470-11308
OG0004244	KAF8067331.1 PHD finger-like domain-containing protein 5B [Scenedesmus sp. PABB004]	QAXK01015529.1_1845-2785
OG0004247	KAF8059715.1 signal peptidase complex subunit 3A [Scenedesmus sp. PABB004]	QAXK01003581.1_1217-562
OG0004248	KAF8061134.1 hypothetical protein HT031_004595 [Scenedesmus sp. PABB004]	QAXK01004599.1_5331-3218
OG0004249	KAF8065556.1 SGR1 [Scenedesmus sp. PABB004]	QAXK01000848.1_19191-20023
OG0004423	KAF8068192.1 mrm1 [Scenedesmus sp. PABB004]	QAXK01000899.1_12678-10778
OG0004581	KAF8067398.1 PTRHD1 [Scenedesmus sp. PABB004]	QAXK01003359.1_6916-7635
OG0004941	KAF8071352.1 gpn1 [Scenedesmus sp. PABB004]	QAXK01007127.1_5270-7296
OG0005615	KAF8068335.1 hypothetical protein HT031_002023 [Scenedesmus sp. PABB004]	QAXK01002408.1_3172-1756
